,words,emotions
0,abandon,weakness
1,abas,weakness
2,abash,weakness
3,abat,power
4,abdic,weakness
5,aberr,power
6,abhor,weakness
7,abhorr,disgust
8,abid,power
9,abil,power
10,abject,weakness
11,abjur,weakness
12,abl,power
13,abnorm,weakness
14,abolish,weakness
15,abomin,weakness
16,abound,power
17,abov,power
18,aboveaverag,weakness
19,abrad,disgust
20,abras,disgust
21,abrupt,surprise
22,abscond,weakness
23,absenc,weakness
24,absente,weakness
25,absentmind,sadness
26,absolv,power
27,absurd,weakness
28,abund,fear
29,abus,weakness
30,abysm,weakness
31,aby,weakness
32,acced,power
33,accept,power
34,access,weakness
35,accident,weakness
36,acclaim,power
37,acclam,power
38,accolad,power
39,accommod,weakness
40,accomplish,power
41,accord,power
42,accost,power
43,account,weakness
44,accur,weakness
45,accurs,power
46,accus,power
47,acerb,anger
48,ach,power
49,achiev,power
50,acknowledg,power
51,acquit,weakness
52,acrid,anger
53,acrimoni,anger
54,activ,power
55,acumen,power
56,adam,power
57,adapt,power
58,addict,weakness
59,adept,power
60,adequ,power
61,adher,power
62,adhes,weakness
63,admir,happiness
64,admiss,weakness
65,admit,power
66,admonish,power
67,admonit,power
68,ador,happiness
69,adrift,weakness
70,adroit,power
71,adul,power
72,adulatori,power
73,adulter,power
74,advanc,power
75,advantag,power
76,adventur,power
77,adventuresom,power
78,adversari,anger
79,advers,anger
80,advic,power
81,advis,power
82,advocaci,fear
83,advoc,fear
84,affabl,happiness
85,affect,happiness
86,affection,happiness
87,affin,weakness
88,affirm,weakness
89,afflict,power
90,affluenc,power
91,affluent,power
92,afford,power
93,affright,fear
94,affront,anger
95,afloat,power
96,afraid,power
97,against,anger
98,aggrav,weakness
99,aggress,anger
100,aggressor,power
101,aggriev,sadness
102,aghast,fear
103,agil,power
104,agit,weakness
105,agoni,weakness
106,agon,weakness
107,agre,power
108,agreeabl,power
109,agreement,power
110,ail,weakness
111,ailment,weakness
112,aimless,power
113,air,happiness
114,alarm,fear
115,ala,sadness
116,alert,fear
117,alien,disgust
118,allay,power
119,alleg,weakness
120,allerg,weakness
121,allevi,power
122,allow,power
123,allur,weakness
124,alli,power
125,almighti,power
126,aloof,power
127,alterc,weakness
128,although,power
129,altruist,power
130,amat,happiness
131,amatori,happiness
132,amaz,surprise
133,ambigu,power
134,ambiti,power
135,ambival,power
136,ambush,weakness
137,amelior,power
138,amen,weakness
139,amiabl,happiness
140,amiabili,happiness
141,amic,happiness
142,amiss,weakness
143,amiti,happiness
144,amnesti,happiness
145,amok,anger
146,amor,happiness
147,amour,happiness
148,ampl,power
149,ampli,power
150,amput,power
151,amuck,weakness
152,amus,happiness
153,anarch,power
154,anarchist,power
155,anarchi,power
156,anem,weakness
157,angel,power
158,anger,anger
159,angri,anger
160,angrili,power
161,anguish,power
162,anim,happiness
163,animo,anger
164,animos,anger
165,animus,anger
166,annihil,fear
167,annoy,anger
168,anomal,weakness
169,anomali,weakness
170,antagon,anger
171,antagonist,anger
172,anti,anger
173,antiamerican,anger
174,anticip,happiness
175,antiisra,power
176,antioccup,power
177,antipathi,power
178,antiprolifer,power
179,antiqu,power
180,antisemit,power
181,antisoci,fear
182,antithet,power
183,antius,power
184,antiwhit,power
185,anxieti,fear
186,anxious,fear
187,apathet,power
188,apathi,power
189,ape,power
190,apocalyps,power
191,apocalypt,power
192,apologist,power
193,apostl,power
194,apotheosi,power
195,appal,power
196,appeal,power
197,appeas,weakness
198,applaud,power
199,appreci,happiness
200,apprehen,fear
201,apprehens,fear
202,approb,happiness
203,approbatori,happiness
204,appropri,weakness
205,approv,happiness
206,apt,weakness
207,aptitud,power
208,arbitrari,power
209,arcan,power
210,archaic,power
211,ardent,power
212,ardor,happiness
213,ardour,happiness
214,arduous,power
215,argu,anger
216,argument,power
217,aristocrat,weakness
218,arous,power
219,arrest,power
220,arrog,power
221,articul,power
222,artifici,weakness
223,ascend,power
224,ascertain,power
225,asham,power
226,asinin,power
227,asininin,power
228,askanc,power
229,aspers,power
230,aspir,power
231,assail,weakness
232,assassin,weakness
233,assault,weakness
234,assent,power
235,assert,weakness
236,asset,weakness
237,assidu,power
238,assuag,weakness
239,assur,power
240,astoni,surprise
241,astonish,surprise
242,astound,power
243,astray,weakness
244,astut,power
245,asund,power
246,asylum,weakness
247,atroci,power
248,atroc,power
249,atrophi,power
250,attach,happiness
251,attack,weakness
252,attain,weakness
253,attent,power
254,attest,power
255,attract,power
256,attrit,sadness
257,attun,weakness
258,audaci,power
259,audac,power
260,auspici,power
261,auster,power
262,authent,weakness
263,authoritarian,power
264,authorit,power
265,autocrat,power
266,autonom,weakness
267,avalanch,power
268,avaric,power
269,avarici,power
270,aveng,power
271,aver,disgust
272,avid,happiness
273,avoid,weakness
274,aw,power
275,award,weakness
276,awe,power
277,awesom,power
278,awestricken,surprise
279,awestruck,power
280,awkward,power
281,ax,power
282,babbl,power
283,back,weakness
284,backbite,power
285,backbon,weakness
286,backward,power
287,bad,power
288,bad_blood,anger
289,bad_temp,anger
290,baffl,power
291,bafflement,power
292,bait,power
293,balanc,weakness
294,balk,anger
295,banal,power
296,bane,power
297,bang,happiness
298,banish,power
299,bankrupt,weakness
300,banter,happiness
301,bar,weakness
302,barbarian,power
303,barbar,power
304,bare,weakness
305,bargain,power
306,barrack,happiness
307,barren,power
308,baseless,power
309,bash,fear
310,basic,weakness
311,bask,weakness
312,bastard,power
313,batter,weakness
314,battl,weakness
315,battlefield,weakness
316,battleground,power
317,battlelin,power
318,batti,power
319,be_on_cloud_nin,happiness
320,beacon,weakness
321,beam,happiness
322,bearish,weakness
323,beast,power
324,beat,surprise
325,beatifi,power
326,beauteous,power
327,beauti,power
328,beautifi,power
329,becharm,happiness
330,bedevil,anger
331,bedlam,power
332,bedlamit,power
333,befit,power
334,befoul,power
335,befriend,power
336,beg,power
337,beggar,power
338,begrudg,anger
339,beguil,happiness
340,belabor,power
341,belat,weakness
342,beleagu,power
343,beli,power
344,believ,power
345,belittl,power
346,bellicos,power
347,bellig,anger
348,belliger,power
349,belong,happiness
350,belov,power
351,bemoan,power
352,bemus,power
353,benef,happiness
354,benefactor,weakness
355,benefic,power
356,benefici,power
357,beneficiari,power
358,benefit,weakness
359,benevol,happiness
360,benign,weakness
361,bend,weakness
362,berat,power
363,bereav,power
364,bereft,power
365,berserk,power
366,beseech,power
367,beset,weakness
368,besieg,weakness
369,besmirch,power
370,besot,surprise
371,best,power
372,bestial,power
373,bestknown,power
374,bestperform,power
375,bestsel,weakness
376,betray,power
377,better,weakness
378,betterknown,power
379,betterthanexpect,power
380,bewail,power
381,bewar,weakness
382,bewild,surprise
383,bewilder,surprise
384,bewitch,happiness
385,bias,power
386,bicker,power
387,bidrig,weakness
388,bitch,power
389,bitchi,power
390,bite,power
391,bitter,power
392,bizarr,power
393,blab,power
394,blabber,power
395,black,weakness
396,blackmail,weakness
397,blah,power
398,blame,power
399,blameless,power
400,blameworthi,power
401,bland,power
402,blandish,power
403,blasphem,power
404,blasphemi,power
405,blast,power
406,blatant,power
407,blather,power
408,bleak,power
409,bleed,weakness
410,blemish,weakness
411,bless,power
412,blind,weakness
413,blindsid,power
414,bliss,happiness
415,blister,power
416,blith,happiness
417,bloat,power
418,block,weakness
419,blockhead,power
420,blood,weakness
421,bloodsh,power
422,bloodthirsti,power
423,bloodi,weakness
424,bloom,weakness
425,blossom,weakness
426,blow,weakness
427,blue,sadness
428,blue_devil,sadness
429,blunder,power
430,blunt,power
431,blur,weakness
432,blurt,power
433,boast,power
434,bode,fear
435,boggl,power
436,bogus,power
437,boil,power
438,boister,power
439,bold,power
440,bolster,power
441,bomb,weakness
442,bombard,power
443,bombast,power
444,bondag,power
445,bonheur,happiness
446,bonker,power
447,bonni,power
448,bonus,weakness
449,boom,weakness
450,boost,weakness
451,bore,power
452,boredom,power
453,botch,power
454,bother,power
455,bothersom,power
456,boundless,power
457,bounti,power
458,bowdler,power
459,boycott,weakness
460,brag,power
461,braggart,power
462,bragger,power
463,brain,power
464,brainwash,power
465,braini,power
466,brash,power
467,brat,power
468,bravado,power
469,brave,power
470,braveri,power
471,brazen,power
472,breach,weakness
473,break,weakness
474,breakdown,weakness
475,breakpoint,power
476,breakthrough,weakness
477,breathless,power
478,breathtak,power
479,bright,weakness
480,brighten,weakness
481,brillianc,weakness
482,brilliant,power
483,brimston,power
484,brisk,weakness
485,bristl,power
486,brittl,weakness
487,broad,weakness
488,brokenheart,sadness
489,brokenhearted,sadness
490,brood,power
491,brook,power
492,brother,weakness
493,brotherhood,happiness
494,brotherlik,happiness
495,browbeat,fear
496,bruis,weakness
497,brusqu,power
498,brutal,power
499,brutalis,power
500,brute,power
501,brutish,power
502,buckl,weakness
503,bug,weakness
504,bulki,weakness
505,bull,weakness
506,bulli,power
507,bullish,weakness
508,bum,weakness
509,bumpi,weakness
510,bungl,power
511,bungler,power
512,bunk,weakness
513,buoyanc,happiness
514,buoyant,weakness
515,burden,power
516,burdensom,power
517,burn,power
518,busi,weakness
519,busybodi,power
520,butcher,weakness
521,butcheri,power
522,byzantin,power
523,cackl,power
524,cajol,power
525,calam,power
526,calamit,power
527,calf_lov,happiness
528,callous,power
529,calm,weakness
530,calumni,power
531,cancer,weakness
532,candid,power
533,candor,power
534,cannib,power
535,capabl,weakness
536,capit,weakness
537,capitul,weakness
538,caprici,power
539,capsiz,weakness
540,captiv,weakness
541,captur,happiness
542,care,happiness
543,carefr,happiness
544,carefre,happiness
545,careless,power
546,caricatur,power
547,carnag,power
548,carp,power
549,cartoon,weakness
550,cartoonish,power
551,cashstrap,weakness
552,cast_down,sadness
553,castig,power
554,casualti,weakness
555,cataclysm,power
556,catalyst,power
557,catastroph,power
558,catch,happiness
559,catchi,power
560,caustic,power
561,cautionari,power
562,cautious,weakness
563,cave,weakness
564,celebr,weakness
565,celebratori,power
566,censur,power
567,chafe,power
568,chaff,power
569,chagrin,power
570,challeng,weakness
571,champ,weakness
572,champion,weakness
573,chao,power
574,chaotic,power
575,charg,happiness
576,charisma,power
577,charismat,power
578,charit,weakness
579,chariti,weakness
580,charm,power
581,chast,power
582,chasten,power
583,chastis,power
584,chatter,power
585,chatterbox,power
586,cheap,power
587,cheapen,power
588,cheat,power
589,cheater,power
590,cheer,happiness
591,cheer_up,happiness
592,cheeri,power
593,cheerless,sadness
594,cherish,power
595,cherub,power
596,chic,power
597,chide,power
598,childish,power
599,chill,fear
600,chilli,weakness
601,chirk_up,happiness
602,chit,power
603,chivalr,power
604,chivalri,power
605,choke,weakness
606,choler,anger
607,choppi,weakness
608,chore,weakness
609,chronic,weakness
610,chum,weakness
611,churn_up,disgust
612,civil,weakness
613,clamor,weakness
614,clariti,weakness
615,clash,weakness
616,class_feel,anger
617,classic,weakness
618,clean,weakness
619,cleanli,weakness
620,clear,power
621,clearcut,power
622,clearer,power
623,clever,power
624,clich,power
625,cliff-hang,happiness
626,cliqu,weakness
627,clog,weakness
628,close,power
629,cloud,power
630,clout,power
631,clumsi,power
632,coars,weakness
633,coax,power
634,cocki,power
635,coddl,weakness
636,coerc,power
637,coercion,power
638,coerciv,power
639,cogent,power
640,coher,weakness
641,cohes,weakness
642,cold,power
643,coldheart,fear
644,coldhearted,fear
645,collaps,weakness
646,collid,weakness
647,collud,power
648,collus,power
649,color,weakness
650,coloss,weakness
651,combat,weakness
652,comeback,weakness
653,comedi,weakness
654,come,power
655,comfort,power
656,comic,weakness
657,commend,power
658,commensur,weakness
659,commiser,power
660,commit,weakness
661,commodi,weakness
662,commonplac,weakness
663,commonsens,weakness
664,commot,power
665,compact,weakness
666,compass,power
667,compassion,power
668,compat,happiness
669,compel,power
670,compens,power
671,compet,weakness
672,competit,weakness
673,complac,power
674,complain,power
675,complaint,power
676,complement,weakness
677,complex,weakness
678,compliant,power
679,complic,weakness
680,complicit,power
681,compliment,power
682,complimentari,power
683,comprehens,weakness
684,compromis,weakness
685,compuls,power
686,compulsori,weakness
687,compunct,sadness
688,comrad,power
689,conced,power
690,conceit,power
691,conceiv,power
692,concern,power
693,concess,weakness
694,concili,power
695,conciliatori,power
696,conclus,weakness
697,concret,weakness
698,concur,power
699,condemn,power
700,condescend,power
701,condescens,power
702,condol,power
703,condon,power
704,conduc,weakness
705,confer,weakness
706,confess,power
707,confid,power
708,conflict,weakness
709,confound,weakness
710,confront,weakness
711,confus,power
712,confut,power
713,congeni,power
714,congest,weakness
715,congratul,power
716,congratulatori,power
717,conquer,weakness
718,conscienc,weakness
719,conscienti,power
720,consensus,power
721,consent,power
722,consider,power
723,consist,weakness
724,consol,weakness
725,conspicu,power
726,conspiraci,weakness
727,conspir,power
728,conspiratori,power
729,constanc,power
730,constern,power
731,constrain,weakness
732,constraint,weakness
733,construct,weakness
734,consum,weakness
735,consumm,power
736,contagi,weakness
737,contamin,weakness
738,contemn,anger
739,contempt,disgust
740,contemptu,disgust
741,contend,power
742,content,happiness
743,contenti,happiness
744,continu,weakness
745,contort,power
746,contradict,power
747,contradictori,power
748,contrari,power
749,contraven,power
750,contribut,weakness
751,contrit,sadness
752,contriv,power
753,controversi,weakness
754,conveni,power
755,convict,weakness
756,convinc,power
757,convolut,power
758,cooper,weakness
759,cope,weakness
760,cordial,weakness
761,cornerston,power
762,correct,power
763,corrod,weakness
764,corros,weakness
765,corrupt,power
766,costeffect,weakness
767,cost,weakness
768,costsav,weakness
769,counterproduct,power
770,coupist,power
771,courag,power
772,court,power
773,courteous,power
774,courtesi,power
775,coven,weakness
776,covet,anger
777,cow,fear
778,coward,power
779,cower,fear
780,cozi,power
781,crackdown,weakness
782,crafti,power
783,cramp,weakness
784,cranki,power
785,crass,power
786,crave,power
787,craven,power
788,crawl,fear
789,craze,power
790,crazili,power
791,crazi,power
792,creativ,power
793,credenc,power
794,credibl,power
795,credul,power
796,creep,fear
797,crime,weakness
798,crimin,weakness
799,cring,power
800,crippl,power
801,crisi,weakness
802,crisp,weakness
803,critic,power
804,crook,power
805,cross,power
806,crowd,weakness
807,crucifi,anger
808,crude,weakness
809,cruel,power
810,cruelli,fear
811,cruelti,power
812,crumbl,weakness
813,crumpl,weakness
814,crusad,power
815,crush,weakness
816,cri,power
817,culpabl,power
818,cumbersom,power
819,cuplrit,power
820,cureal,power
821,curious,power
822,curs,power
823,cursori,weakness
824,curt,weakness
825,cuss,power
826,cut,weakness
827,cute,power
828,cutthroat,power
829,cynic,power
830,damag,weakness
831,damn,power
832,damnabl,power
833,damnat,power
834,danc,weakness
835,dander,anger
836,danger,power
837,dangl,power
838,dare,power
839,dark,weakness
840,darken,weakness
841,darl,power
842,darn,power
843,dash,power
844,dastard,power
845,daunt,power
846,dauntless,power
847,dawdl,power
848,dawn,weakness
849,daydream,power
850,daze,power
851,dazzl,power
852,dead,weakness
853,deadbeat,power
854,deadlock,power
855,deadweight,power
856,deaf,weakness
857,deal,weakness
858,dear,power
859,dearth,power
860,death,weakness
861,debacl,power
862,debas,power
863,debat,power
864,debauch,power
865,debaucheri,power
866,debilit,weakness
867,debil,weakness
868,decad,power
869,decay,power
870,deceit,power
871,deceiv,power
872,decenc,weakness
873,decent,weakness
874,decept,power
875,decis,weakness
876,declaim,power
877,declin,weakness
878,decreas,weakness
879,decrement,weakness
880,decrepit,power
881,decrepitud,power
882,decri,power
883,dedic,power
884,deep,weakness
885,deepen,power
886,defam,power
887,defamatori,power
888,defeat,weakness
889,defect,power
890,defend,power
891,defens,weakness
892,defer,power
893,defianc,power
894,defiant,power
895,defici,weakness
896,defil,power
897,definit,power
898,deflationari,weakness
899,deform,weakness
900,defraud,power
901,deft,power
902,defunct,power
903,defi,power
904,degener,power
905,degrad,power
906,dehuman,power
907,deign,power
908,deject,power
909,delect,power
910,delicaci,weakness
911,delic,weakness
912,delici,power
913,delight,happiness
914,delinqu,weakness
915,deliri,power
916,delirium,power
917,delud,power
918,delug,weakness
919,delus,power
920,delusion,power
921,demand,weakness
922,demean,power
923,demis,power
924,democrat,weakness
925,demolish,weakness
926,demon,power
927,demor,power
928,demorali,sadness
929,demoralis,sadness
930,demystifi,power
931,denial,power
932,denigr,power
933,denounc,power
934,denunci,power
935,deni,power
936,depend,weakness
937,deplet,weakness
938,deplor,power
939,deprav,power
940,deprec,power
941,depress,sadness
942,depriv,power
943,derid,power
944,deris,power
945,derogatori,power
946,desecr,power
947,desert,power
948,deserv,power
949,desicc,power
950,desir,power
951,desol,sadness
952,despair,sadness
953,desper,power
954,despic,power
955,despi,anger
956,despis,anger
957,despit,anger
958,despoil,power
959,despond,power
960,despot,power
961,destabilis,power
962,destin,weakness
963,destini,power
964,destitut,power
965,destroy,power
966,destruct,power
967,desultori,power
968,deter,weakness
969,deterior,weakness
970,determin,power
971,deterr,weakness
972,detest,anger
973,detract,weakness
974,detriment,power
975,devast,weakness
976,deviat,weakness
977,devil,power
978,devilish,power
979,devilri,power
980,devious,power
981,devoid,power
982,devot,power
983,devote,power
984,devout,weakness
985,dexter,power
986,dextrous,power
987,diabol,power
988,diametr,power
989,diatrib,power
990,dictat,weakness
991,dictatori,weakness
992,differ,weakness
993,difficult,weakness
994,difficulti,power
995,diffid,fear
996,dig,weakness
997,dignifi,weakness
998,digniti,power
999,digress,power
1000,dilapid,power
1001,dilemma,weakness
1002,dilig,weakness
1003,dillyd,power
1004,dim,weakness
1005,diminish,weakness
1006,din,weakness
1007,dingi,sadness
1008,dinki,weakness
1009,diplomat,weakness
1010,dire,power
1011,dirt,weakness
1012,dirti,weakness
1013,disabl,weakness
1014,disaccord,power
1015,disadvantag,weakness
1016,disaffect,power
1017,disaffirm,power
1018,disagre,power
1019,disagr,power
1020,disallow,power
1021,disappoint,power
1022,disapprob,power
1023,disapprov,power
1024,disarm,weakness
1025,disarray,power
1026,disast,power
1027,disastr,power
1028,disavow,power
1029,disbelief,surprise
1030,disbeliev,surprise
1031,discern,power
1032,disclaim,power
1033,discombobul,power
1034,discomfit,power
1035,discomfititur,power
1036,discomfort,weakness
1037,discompos,weakness
1038,disconcert,power
1039,disconsol,power
1040,discont,power
1041,discontinu,power
1042,discord,power
1043,discounten,power
1044,discourag,power
1045,discourt,power
1046,discredit,power
1047,discreet,weakness
1048,discrep,weakness
1049,discret,weakness
1050,discrimin,weakness
1051,discriminatori,power
1052,disdain,power
1053,diseas,weakness
1054,disfavor,power
1055,disgrac,weakness
1056,disgruntl,anger
1057,disgust,disgust
1058,dishearten,power
1059,dishonest,power
1060,dishonesti,power
1061,dishonor,power
1062,disillus,power
1063,disinclin,power
1064,disingenu,power
1065,disintegr,weakness
1066,disinterest,power
1067,dislik,power
1068,disloc,weakness
1069,disloy,power
1070,disloyalti,power
1071,dismal,sadness
1072,dismay,surprise
1073,dismiss,power
1074,disobedi,power
1075,disobey,power
1076,disord,weakness
1077,disorgan,power
1078,disori,power
1079,disown,power
1080,disparag,power
1081,dispens,weakness
1082,dispirit,power
1083,displac,weakness
1084,displea,anger
1085,displeas,anger
1086,displeasur,power
1087,disproportion,weakness
1088,disprov,power
1089,disput,power
1090,disquiet,power
1091,disquietud,power
1092,disregard,power
1093,disreput,power
1094,disrespect,power
1095,disrespectabl,power
1096,disrupt,power
1097,dissatisfact,power
1098,dissatisfactori,power
1099,dissatisfi,power
1100,dissembl,power
1101,dissens,power
1102,dissent,power
1103,disservic,power
1104,dissid,power
1105,dissoci,power
1106,dissolut,weakness
1107,disson,power
1108,dissuad,power
1109,dissuas,power
1110,distast,power
1111,distinct,weakness
1112,distinguish,power
1113,distort,power
1114,distract,power
1115,distraught,power
1116,distress,power
1117,distrust,power
1118,disturb,power
1119,disturbedlet,power
1120,disun,power
1121,disvalu,power
1122,diverg,weakness
1123,diversifi,weakness
1124,divid,weakness
1125,divin,power
1126,divis,power
1127,divorc,weakness
1128,dizz,power
1129,dizzi,power
1130,dodder,power
1131,dodg,power
1132,dodgey,power
1133,dog,power
1134,dogmat,power
1135,doldrum,power
1136,dole,sadness
1137,dolor,sadness
1138,dolour,sadness
1139,domin,power
1140,doom,power
1141,doomsday,power
1142,dope,weakness
1143,dote,power
1144,doubt,power
1145,doubtless,power
1146,down,weakness
1147,downbeat,power
1148,downcast,power
1149,downer,power
1150,downfal,power
1151,downfallen,power
1152,downgrad,weakness
1153,downheart,power
1154,downhearted,sadness
1155,downsid,power
1156,downtrodden,sadness
1157,drab,power
1158,draconian,power
1159,dracon,power
1160,dragon,power
1161,dragoon,power
1162,drain,power
1163,drama,power
1164,drastic,power
1165,dread,fear
1166,dream,weakness
1167,dreamland,power
1168,dreami,weakness
1169,drear,sadness
1170,dreari,power
1171,drive,weakness
1172,drone,power
1173,droop,weakness
1174,drought,weakness
1175,drown,weakness
1176,drink,power
1177,drunkard,power
1178,drunken,power
1179,dubious,power
1180,dubit,power
1181,dud,weakness
1182,dudgeon,anger
1183,dull,weakness
1184,dullard,power
1185,dumb,power
1186,dumbfound,power
1187,dumfound,surprise
1188,dummi,power
1189,dump,weakness
1190,dun,anger
1191,dunc,power
1192,dungeon,power
1193,dupe,power
1194,durabl,weakness
1195,dusti,weakness
1196,dwindl,weakness
1197,die,weakness
1198,dynam,weakness
1199,dysphor,sadness
1200,dysphoria,sadness
1201,eager,power
1202,earnest,power
1203,earsplit,power
1204,eas,weakness
1205,easier,weakness
1206,easiest,weakness
1207,easili,weakness
1208,easi,weakness
1209,easygo,power
1210,ebulli,power
1211,eccentr,weakness
1212,eclect,power
1213,econom,weakness
1214,ecstasi,happiness
1215,ecstat,power
1216,edgi,power
1217,edifi,power
1218,educ,weakness
1219,effect,weakness
1220,effectu,weakness
1221,efficaci,weakness
1222,effici,weakness
1223,effigi,power
1224,effortless,power
1225,effronteri,power
1226,effus,power
1227,egalitarian,weakness
1228,ego,power
1229,egocentr,power
1230,egomania,power
1231,egot,power
1232,egotist,power
1233,egregi,power
1234,ejacul,power
1235,elan,power
1236,elat,happiness
1237,electionrigg,power
1238,electrif,power
1239,electrifi,weakness
1240,eleg,power
1241,elev,weakness
1242,elig,weakness
1243,elimin,weakness
1244,elit,weakness
1245,eloqu,power
1246,emaci,power
1247,emancip,weakness
1248,emascul,power
1249,embarrass,power
1250,embattl,weakness
1251,embellish,power
1252,embolden,weakness
1253,embrac,power
1254,embroil,power
1255,emin,power
1256,emot,happiness
1257,empath,power
1258,empathet,happiness
1259,empathi,power
1260,emphat,power
1261,empow,weakness
1262,empower,power
1263,empti,weakness
1264,enabl,weakness
1265,enamor,happiness
1266,enamour,happiness
1267,enchant,happiness
1268,encourag,power
1269,encroach,weakness
1270,endang,power
1271,endear,happiness
1272,endless,weakness
1273,endors,power
1274,endur,power
1275,enemi,weakness
1276,energet,weakness
1277,energ,weakness
1278,enerv,power
1279,enfeebl,weakness
1280,enflam,power
1281,enfuri,anger
1282,engag,power
1283,engross,power
1284,engulf,weakness
1285,enhanc,weakness
1286,enjoin,power
1287,enhappiness,happiness
1288,enlighten,weakness
1289,enliven,weakness
1290,enmiti,power
1291,ennobl,power
1292,enorm,power
1293,enrag,anger
1294,enrapt,power
1295,enraptur,power
1296,enrich,weakness
1297,enslav,power
1298,ensur,weakness
1299,entangl,weakness
1300,enterpris,weakness
1301,entertain,power
1302,enthral,happiness
1303,enthus,power
1304,enthusiasm,power
1305,enthusiast,power
1306,entic,power
1307,entranc,power
1308,entrap,power
1309,entreat,power
1310,entrust,weakness
1311,envi,power
1312,enviabl,power
1313,envious,power
1314,envis,weakness
1315,epic,power
1316,epidem,weakness
1317,epitom,power
1318,equal,weakness
1319,equit,weakness
1320,equivoc,power
1321,erad,weakness
1322,eras,weakness
1323,erod,weakness
1324,eros,weakness
1325,err,power
1326,errant,weakness
1327,errat,power
1328,erron,power
1329,error,weakness
1330,erudit,power
1331,escapad,weakness
1332,eschew,power
1333,esoter,weakness
1334,especi,power
1335,essenti,weakness
1336,establish,weakness
1337,esteem,power
1338,estrang,power
1339,etern,power
1340,ethic,power
1341,eulog,power
1342,euphor,happiness
1343,euphori,happiness
1344,euphoria,happiness
1345,evad,weakness
1346,evas,weakness
1347,even,weakness
1348,event,weakness
1349,everlast,power
1350,evid,power
1351,evil,power
1352,evildo,power
1353,eviscer,power
1354,evoc,power
1355,exacerb,power
1356,exact,weakness
1357,exagger,power
1358,exalt,power
1359,exasp,anger
1360,exasper,power
1361,exceed,power
1362,excel,power
1363,except,power
1364,excess,power
1365,excit,power
1366,excite,power
1367,exclaim,power
1368,exclud,weakness
1369,exclus,weakness
1370,excori,power
1371,excruci,power
1372,excus,weakness
1373,execr,anger
1374,exemplar,power
1375,exemplari,power
1376,exhaust,weakness
1377,exhilar,happiness
1378,exhort,power
1379,exil,weakness
1380,exoner,power
1381,exorbit,power
1382,exorbitant,power
1383,expan,happiness
1384,expans,happiness
1385,expect,happiness
1386,expedi,weakness
1387,expel,weakness
1388,expens,weakness
1389,experienc,weakness
1390,expert,power
1391,expir,power
1392,explicit,power
1393,explod,weakness
1394,exploit,power
1395,explos,weakness
1396,expos,weakness
1397,express,weakness
1398,expropri,weakness
1399,expuls,weakness
1400,expung,power
1401,exquisit,power
1402,extermin,power
1403,extinguish,weakness
1404,extol,power
1405,extort,power
1406,extran,weakness
1407,extraordinarili,power
1408,extraordinari,power
1409,extravag,power
1410,extrem,weakness
1411,extremist,weakness
1412,exub,happiness
1413,exuber,power
1414,exult,power
1415,fabric,power
1416,fabul,power
1417,faceti,power
1418,facilit,weakness
1419,fade,weakness
1420,fail,power
1421,failur,weakness
1422,faint,weakness
1423,faintheart,power
1424,fair,weakness
1425,faith,power
1426,faithless,power
1427,fake,power
1428,fall,weakness
1429,fallaci,power
1430,fallout,power
1431,falsehood,power
1432,fals,power
1433,falsifi,power
1434,falter,power
1435,fame,power
1436,famin,power
1437,famish,power
1438,famous,power
1439,fanat,power
1440,fanatic,power
1441,fanci,power
1442,fanfar,power
1443,fantast,power
1444,fantasi,power
1445,farc,power
1446,farcic,power
1447,farcicalyetprovoc,power
1448,farfetch,power
1449,farsight,weakness
1450,fascin,power
1451,fascism,power
1452,fascist,power
1453,fashion,power
1454,fastestgrow,weakness
1455,fastgrow,weakness
1456,fastidi,power
1457,fastpac,weakness
1458,fastuous,power
1459,fat,weakness
1460,fatal,weakness
1461,fatalist,power
1462,fate,power
1463,fathom,weakness
1464,fathomless,power
1465,fatigu,weakness
1466,fatti,weakness
1467,fatuiti,power
1468,fatuous,power
1469,fault,power
1470,faulti,weakness
1471,favor,weakness
1472,favorit,power
1473,favour,happiness
1474,fawn,power
1475,faze,weakness
1476,fear,power
1477,fearless,power
1478,fearsom,power
1479,feasibl,weakness
1480,feat,power
1481,feckless,power
1482,fed_up,disgust
1483,feebl,weakness
1484,feeblemind,weakness
1485,feeling_of_id,happiness
1486,feeling_of_ident,happiness
1487,feign,weakness
1488,feint,weakness
1489,feisti,power
1490,felicit,power
1491,felic,power
1492,fell,power
1493,fellow_feel,happiness
1494,felon,weakness
1495,feloni,weakness
1496,feroci,power
1497,feroc,power
1498,fertil,weakness
1499,fervent,power
1500,fervid,power
1501,fervor,power
1502,festal,happiness
1503,festiv,power
1504,fetid,power
1505,fever,weakness
1506,feverish,weakness
1507,fiasco,power
1508,fiat,weakness
1509,fib,power
1510,fibber,power
1511,fickl,power
1512,fiction,weakness
1513,fictiti,power
1514,fidel,power
1515,fidget,power
1516,fidgeti,power
1517,fiend,power
1518,fiendish,power
1519,fierc,weakness
1520,fieri,weakness
1521,fight,weakness
1522,figurehead,weakness
1523,filth,power
1524,filthi,power
1525,finagl,weakness
1526,fine,power
1527,firstclass,weakness
1528,firstrat,power
1529,fissur,weakness
1530,fist,weakness
1531,fit,power
1532,flabbergast,power
1533,flag,weakness
1534,flagrant,power
1535,flair,weakness
1536,flak,power
1537,flake,weakness
1538,flakey,weakness
1539,flaki,weakness
1540,flame,weakness
1541,flash,weakness
1542,flashi,weakness
1543,flatout,power
1544,flatter,power
1545,flaunt,power
1546,flaw,weakness
1547,flawless,power
1548,fleer,power
1549,fleet,weakness
1550,flexibl,power
1551,flighti,power
1552,flimflam,power
1553,flimsi,weakness
1554,flirt,power
1555,flirti,power
1556,floor,power
1557,flounder,power
1558,flourish,power
1559,flout,power
1560,fluent,weakness
1561,flummox,surprise
1562,flush,happiness
1563,fluster,weakness
1564,foe,power
1565,fond,power
1566,fond_regard,happiness
1567,fool,power
1568,foolhardi,power
1569,foolish,power
1570,foolproof,weakness
1571,forbid,weakness
1572,forc,weakness
1573,forebod,power
1574,foremost,power
1575,foresight,power
1576,forfeit,weakness
1577,forgav,power
1578,forg,weakness
1579,forget,power
1580,forgiv,power
1581,forgive,power
1582,forlorn,sadness
1583,formid,power
1584,forsak,power
1585,forsake,power
1586,forswear,power
1587,fortitud,power
1588,fortuit,power
1589,fortun,power
1590,foul,power
1591,foulli,power
1592,fractious,power
1593,fractur,weakness
1594,fragil,weakness
1595,fragment,weakness
1596,fragrant,power
1597,frail,weakness
1598,frank,power
1599,frantic,power
1600,fratern,power
1601,fraud,weakness
1602,fraudul,weakness
1603,fraught,power
1604,frazzl,power
1605,freak,power
1606,freakish,power
1607,free,weakness
1608,freedom,weakness
1609,frenet,power
1610,frenzi,power
1611,fresh,weakness
1612,fret,power
1613,friction,power
1614,friend,weakness
1615,friendli,power
1616,friendship,weakness
1617,friggin,power
1618,fright,fear
1619,frighten,fear
1620,frighten_away,fear
1621,frighten_off,fear
1622,frigid,weakness
1623,frivol,power
1624,frolic,power
1625,frown,power
1626,freeze,weakness
1627,fruit,weakness
1628,fruitless,power
1629,frustrat,anger
1630,fudg,power
1631,fugit,weakness
1632,fulfil,happiness
1633,fullblown,weakness
1634,fullfledg,weakness
1635,fulmin,power
1636,fumbl,weakness
1637,fume,power
1638,fun,power
1639,function,weakness
1640,fundament,weakness
1641,funni,power
1642,furi,power
1643,furious,anger
1644,furor,power
1645,fuss,power
1646,fussi,power
1647,fustig,power
1648,fusti,power
1649,futil,power
1650,fuzzi,weakness
1651,gabbl,power
1652,gaff,power
1653,gaga,power
1654,gaggl,power
1655,gaieti,power
1656,gaili,power
1657,gain,power
1658,gainsay,power
1659,gala,happiness
1660,gall,power
1661,gallant,power
1662,galor,power
1663,gambl,weakness
1664,game,weakness
1665,gape,power
1666,garbag,weakness
1667,garish,power
1668,gasp,power
1669,gauch,power
1670,gaudi,power
1671,gawk,power
1672,gawki,power
1673,gay,happiness
1674,gayli,happiness
1675,geezer,power
1676,gem,weakness
1677,generos,power
1678,generous,power
1679,genial,weakness
1680,genius,power
1681,genocid,power
1682,gentl,weakness
1683,genuin,weakness
1684,german,weakness
1685,get,surprise
1686,get_at,anger
1687,get_down,sadness
1688,get_to,anger
1689,getrich,power
1690,ghast,power
1691,ghetto,weakness
1692,gibber,power
1693,gibberish,power
1694,gibe,power
1695,giddi,power
1696,gift,power
1697,giving_protect,happiness
1698,glad,power
1699,gladden,happiness
1700,gladsom,happiness
1701,glamor,power
1702,glare,power
1703,glee,power
1704,gleeful,happiness
1705,gleefulli,power
1706,glib,power
1707,glibli,power
1708,glimmer,power
1709,glisten,power
1710,glitch,weakness
1711,glitter,power
1712,gloat,power
1713,gloom,sadness
1714,gloomi,power
1715,gloomili,sadness
1716,glorifi,power
1717,glorious,power
1718,glori,power
1719,gloss,power
1720,glossi,power
1721,glow,power
1722,glower,power
1723,glum,power
1724,glut,weakness
1725,gnaw,weakness
1726,goad,power
1727,goahead,weakness
1728,godaw,power
1729,goddam,power
1730,goddamn,power
1731,godforsaken,sadness
1732,godgiven,power
1733,godlik,power
1734,gold,weakness
1735,golden,weakness
1736,good,power
1737,good_wil,happiness
1738,goodwil,power
1739,goof,power
1740,gorgeous,power
1741,gossip,power
1742,grabbi,anger
1743,grace,power
1744,graceless,power
1745,gracious,power
1746,graft,weakness
1747,grail,weakness
1748,grand,weakness
1749,grandeur,power
1750,grandios,power
1751,grappl,weakness
1752,grasp,anger
1753,grate,power
1754,gratifi,power
1755,gratif,power
1756,gratitud,power
1757,gratuit,power
1758,grave,power
1759,gravel,surprise
1760,great,power
1761,greatest,power
1762,greed,power
1763,greedi,power
1764,green-ey,anger
1765,green-eyed_monst,anger
1766,greet,power
1767,grief,sadness
1768,grief-stricken,sadness
1769,griev,sadness
1770,grievanc,power
1771,grievous,power
1772,grill,weakness
1773,grim,power
1774,grimac,power
1775,grin,power
1776,grind,power
1777,gripe,power
1778,grisli,power
1779,grit,power
1780,gritti,weakness
1781,grizzl,anger
1782,groov,weakness
1783,gross,weakness
1784,grossli,power
1785,grotesqu,power
1786,grouch,power
1787,grouchi,power
1788,groundbreak,power
1789,groundless,power
1790,grous,power
1791,grovel,fear
1792,growl,power
1793,grudg,power
1794,gruesom,power
1795,gruff,power
1796,grumbl,power
1797,guarante,weakness
1798,guardian,weakness
1799,guidanc,weakness
1800,guil,power
1801,guilt,power
1802,guilt_feel,sadness
1803,guilt_trip,sadness
1804,guilti,weakness
1805,guiltili,power
1806,guiltless,power
1807,guilty_consci,sadness
1808,gullibl,power
1809,gumption,power
1810,gush,weakness
1811,gusto,power
1812,gutsi,power
1813,hackl,anger
1814,haggard,power
1815,haggl,power
1816,hail,power
1817,halcyon,power
1818,hale,power
1819,halfheart,power
1820,hallow,power
1821,hallucin,power
1822,hamper,power
1823,hamstr,power
1824,hamstring,power
1825,handicap,weakness
1826,handili,power
1827,handsom,power
1828,handi,power
1829,hangdog,sadness
1830,hanker,power
1831,haphazard,weakness
1832,hapless,power
1833,happi,happiness
1834,happili,happiness
1835,harangu,power
1836,harass,power
1837,harbor,weakness
1838,hard,power
1839,hardbal,power
1840,harden,weakness
1841,hardhead,power
1842,hardheart,power
1843,hardhearted,fear
1844,hardhit,weakness
1845,hardier,power
1846,hardlin,weakness
1847,hardship,power
1848,hardwork,weakness
1849,hardi,weakness
1850,harm,power
1851,harmless,power
1852,harmoni,power
1853,harmon,power
1854,harpi,power
1855,harri,power
1856,harridan,power
1857,harrow,power
1858,harsh,power
1859,hassl,power
1860,hast,power
1861,hasti,weakness
1862,hate,power
1863,hater,power
1864,hatr,power
1865,haughtili,power
1866,haughti,power
1867,haunt,power
1868,haven,power
1869,havoc,power
1870,hawkish,power
1871,hazard,weakness
1872,hazi,weakness
1873,headach,weakness
1874,headway,weakness
1875,headi,power
1876,heal,weakness
1877,health,power
1878,healthi,weakness
1879,heart,weakness
1880,heartach,sadness
1881,heartbreak,sadness
1882,heartburn,anger
1883,hearten,power
1884,heartfelt,power
1885,heartili,power
1886,heartless,anger
1887,heartrend,power
1888,heartsick,sadness
1889,heartwarm,power
1890,heathen,power
1891,heaven,power
1892,heavili,power
1893,heavyhand,power
1894,heavyheart,power
1895,heavyhearted,sadness
1896,heck,power
1897,heckl,power
1898,hectic,weakness
1899,hedg,power
1900,hedonist,power
1901,heedless,power
1902,hegemon,weakness
1903,hegemonist,power
1904,hegemoni,weakness
1905,heinous,power
1906,hell,power
1907,hellbent,power
1908,hellion,power
1909,help,weakness
1910,helpless,weakness
1911,herald,power
1912,heresi,power
1913,heret,power
1914,hero,power
1915,hero_worship,happiness
1916,heroic,power
1917,heroin,power
1918,heroiz,power
1919,hesit,fear
1920,hideous,power
1921,high_dudgeon,anger
1922,high_spirit,happiness
1923,highlight,power
1924,highqual,weakness
1925,high-spirit,happiness
1926,hilar,power
1927,hilari,power
1928,hinder,power
1929,hindranc,power
1930,histor,weakness
1931,hoard,power
1932,hoax,power
1933,hobbl,weakness
1934,hole,weakness
1935,hollow,power
1936,holi,weakness
1937,homag,power
1938,honest,power
1939,honesti,power
1940,honeymoon,weakness
1941,honor,power
1942,hoodwink,power
1943,hope,power
1944,hopeless,power
1945,hord,weakness
1946,horrend,power
1947,horribl,power
1948,horrid,fear
1949,horrif,power
1950,horrifi,power
1951,horror,power
1952,horror-stricken,fear
1953,horror-struck,fear
1954,hospit,power
1955,hostag,weakness
1956,hostil,anger
1957,hot,weakness
1958,hotb,power
1959,hothead,power
1960,hothous,weakness
1961,howl,surprise
1962,hubri,power
1963,huckster,power
1964,huffi,anger
1965,huffili,anger
1966,huffish,anger
1967,hug,power
1968,human,weakness
1969,humanist,weakness
1970,humankind,power
1971,humbl,power
1972,humili,power
1973,humil,power
1974,humor,power
1975,humour,power
1976,hunger,power
1977,hungri,weakness
1978,hurt,weakness
1979,hustler,weakness
1980,hypocrisi,power
1981,hypocrit,power
1982,hyster,power
1983,hysteria,power
1984,ici,weakness
1985,ideal,power
1986,idealist,weakness
1987,identif,happiness
1988,identifi,happiness
1989,idioci,power
1990,idiot,power
1991,idl,weakness
1992,idol,power
1993,idyl,power
1994,ignobl,power
1995,ignomini,power
1996,ignor,weakness
1997,ill,weakness
1998,ill_temp,anger
1999,ill_wil,anger
2000,illadvis,power
2001,illconceiv,power
2002,illeg,weakness
2003,illegitim,weakness
2004,illfat,power
2005,illfavor,power
2006,illicit,weakness
2007,illiquid,weakness
2008,illiter,weakness
2009,illmann,power
2010,illnatur,power
2011,illog,power
2012,illsort,power
2013,illtemp,power
2014,illtreat,power
2015,illumin,power
2016,illuminati,power
2017,illusag,power
2018,illus,power
2019,illusori,power
2020,illustri,power
2021,imaginari,power
2022,imagin,power
2023,imbal,power
2024,imbecil,power
2025,imbroglio,power
2026,immacul,power
2027,immateri,power
2028,immatur,weakness
2029,immin,power
2030,immobil,weakness
2031,immoder,power
2032,immodest,power
2033,immor,power
2034,immov,power
2035,impair,power
2036,imparti,weakness
2037,impass,weakness
2038,impati,power
2039,impeach,power
2040,impecc,power
2041,imped,power
2042,impedi,power
2043,impel,power
2044,impend,power
2045,impenit,power
2046,imperfect,weakness
2047,imperi,power
2048,imperialist,power
2049,imperil,power
2050,impermiss,weakness
2051,imperson,weakness
2052,impertin,power
2053,imperturb,power
2054,impervi,power
2055,impetu,power
2056,impetus,weakness
2057,impieti,power
2058,imping,power
2059,impious,power
2060,implac,power
2061,implaus,power
2062,implic,weakness
2063,implod,power
2064,implor,power
2065,impolit,power
2066,import,weakness
2067,importun,power
2068,impos,weakness
2069,imposit,power
2070,imposs,weakness
2071,impossibl,weakness
2072,impot,weakness
2073,impoverish,weakness
2074,impract,power
2075,imprec,power
2076,imprecis,weakness
2077,impregn,power
2078,impress,power
2079,imprison,weakness
2080,improb,power
2081,improp,power
2082,improprieti,power
2083,improv,weakness
2084,improvis,power
2085,imprud,power
2086,impud,power
2087,impugn,power
2088,impuls,power
2089,impun,weakness
2090,impur,power
2091,in_awe_of,surprise
2092,inabl,weakness
2093,inaccess,weakness
2094,inaccuraci,weakness
2095,inaccur,power
2096,inact,weakness
2097,inadequaci,weakness
2098,inadequ,weakness
2099,inadver,weakness
2100,inadvis,weakness
2101,inalien,weakness
2102,inan,power
2103,inappropri,power
2104,inapt,power
2105,inaptitud,power
2106,inarticul,power
2107,inattent,power
2108,incap,power
2109,incauti,power
2110,incendiari,power
2111,incen,anger
2112,incens,anger
2113,incess,power
2114,incis,power
2115,incit,weakness
2116,incivil,power
2117,inclement,weakness
2118,inclin,power
2119,inclus,weakness
2120,incogniz,power
2121,incoher,power
2122,incommensur,power
2123,incompar,weakness
2124,incompat,weakness
2125,incompet,power
2126,incomplet,weakness
2127,incompli,weakness
2128,incomprehens,power
2129,inconceiv,power
2130,inconclus,weakness
2131,incongru,power
2132,inconsequ,power
2133,inconsequenti,power
2134,inconsider,power
2135,inconsist,weakness
2136,inconsol,power
2137,inconst,power
2138,incontest,power
2139,incontrovert,power
2140,inconveni,power
2141,incorrect,power
2142,incorrig,power
2143,incorrupt,power
2144,incred,power
2145,incredul,power
2146,inculc,power
2147,indebt,weakness
2148,indec,power
2149,indecis,power
2150,indecorum,power
2151,indefatig,power
2152,indefens,power
2153,indefinit,weakness
2154,indel,power
2155,independ,weakness
2156,indescrib,power
2157,indestruct,power
2158,indetermin,weakness
2159,indiffer,power
2160,indig,weakness
2161,indign,anger
2162,indiscern,weakness
2163,indiscreet,power
2164,indiscret,power
2165,indiscrimin,power
2166,indispens,power
2167,indispos,power
2168,indisput,power
2169,indistinct,weakness
2170,individu,weakness
2171,indoctrin,power
2172,indol,power
2173,indomit,power
2174,indubit,power
2175,indulg,power
2176,industri,weakness
2177,ineffect,weakness
2178,ineffectu,weakness
2179,inefficaci,power
2180,ineffici,weakness
2181,ineleg,power
2182,inelig,weakness
2183,ineloqu,power
2184,inept,power
2185,ineptitud,power
2186,inequ,power
2187,inequit,power
2188,inertia,weakness
2189,inescap,power
2190,inessenti,power
2191,inestim,power
2192,inevit,power
2193,inexact,weakness
2194,inexcus,power
2195,inexor,power
2196,inexpens,weakness
2197,inexperi,weakness
2198,inexperienc,weakness
2199,inexpert,weakness
2200,inexpi,power
2201,inexplain,power
2202,inexplic,power
2203,inextric,power
2204,infal,power
2205,infam,power
2206,infami,power
2207,infatu,happiness
2208,infect,weakness
2209,inferior,power
2210,infern,power
2211,infest,weakness
2212,infidel,power
2213,infiltr,weakness
2214,infirm,power
2215,inflam,power
2216,inflammatori,power
2217,inflat,weakness
2218,inflationari,weakness
2219,inflex,power
2220,inflict,power
2221,influenti,power
2222,inform,weakness
2223,infract,weakness
2224,infring,power
2225,infuri,anger
2226,ingeni,power
2227,ingenu,power
2228,inglori,power
2229,ingrat,power
2230,ingrati,power
2231,ingratitud,power
2232,inhibit,weakness
2233,inhospit,power
2234,inhuman,power
2235,inim,power
2236,iniquit,power
2237,iniqu,power
2238,injudici,power
2239,injur,weakness
2240,injuri,weakness
2241,injustic,power
2242,innoc,weakness
2243,innocu,power
2244,innov,weakness
2245,innuendo,power
2246,inoffens,power
2247,inopportun,power
2248,inordin,power
2249,inquisit,power
2250,insan,power
2251,insati,power
2252,insecur,weakness
2253,insens,weakness
2254,insensit,power
2255,insidi,power
2256,insight,power
2257,insignific,weakness
2258,insincer,power
2259,insinu,power
2260,insist,power
2261,insoci,power
2262,insol,power
2263,insolv,weakness
2264,insouci,power
2265,inspir,power
2266,instabl,weakness
2267,instig,power
2268,instruct,weakness
2269,instrument,weakness
2270,insubordin,weakness
2271,insubstanti,power
2272,insuffer,power
2273,insuffici,weakness
2274,insular,weakness
2275,insult,power
2276,insupport,power
2277,insurmount,weakness
2278,insurrect,weakness
2279,intact,weakness
2280,integr,power
2281,intellig,power
2282,interced,weakness
2283,interest,weakness
2284,interfer,weakness
2285,intermitt,weakness
2286,interrupt,weakness
2287,intimaci,power
2288,intim,weakness
2289,intimid,weakness
2290,intoler,power
2291,intox,weakness
2292,intract,weakness
2293,intransig,power
2294,intric,weakness
2295,intrigu,power
2296,intrud,power
2297,intrus,power
2298,intuit,power
2299,inund,power
2300,invad,weakness
2301,invalid,power
2302,invalu,power
2303,invas,weakness
2304,invect,power
2305,inveigl,power
2306,invent,weakness
2307,invidi,power
2308,invigor,power
2309,invinc,power
2310,inviol,power
2311,involuntarili,weakness
2312,involuntari,weakness
2313,invulner,power
2314,irasc,anger
2315,irat,power
2316,ire,power
2317,irk,power
2318,irksom,power
2319,iron,power
2320,ironi,power
2321,irrat,power
2322,irrate,power
2323,irreconcil,power
2324,irredeem,power
2325,irreform,power
2326,irrefut,power
2327,irregular,weakness
2328,irrelev,power
2329,irrepar,power
2330,irreplac,power
2331,irrepress,power
2332,irreproach,power
2333,irresist,power
2334,irresolut,power
2335,irresolv,weakness
2336,irrespons,power
2337,irretriev,weakness
2338,irrever,power
2339,irrevers,power
2340,irrit,anger
2341,isol,weakness
2342,itch,power
2343,jabber,power
2344,jade,power
2345,jam,weakness
2346,jar,weakness
2347,jaundic,power
2348,jauntili,power
2349,jaunti,power
2350,jealous,power
2351,jealousi,power
2352,jeer,power
2353,jeopard,power
2354,jeopardi,power
2355,jerk,power
2356,jest,power
2357,jitteri,power
2358,jobless,weakness
2359,jocular,happiness
2360,jocund,happiness
2361,joke,happiness
2362,joker,power
2363,jolli,happiness
2364,jollifi,weakness
2365,jolliti,happiness
2366,jolly_along,happiness
2367,jolly_up,happiness
2368,jolt,weakness
2369,jovial,happiness
2370,happiness,happiness
2371,happinessless,sadness
2372,happinessous,happiness
2373,jubil,happiness
2374,judici,power
2375,jump_for_happiness,happiness
2376,jumpi,weakness
2377,junk,weakness
2378,junki,weakness
2379,just,power
2380,justic,weakness
2381,justifi,power
2382,justif,power
2383,juvenil,weakness
2384,kaput,power
2385,keen,power
2386,kemp,power
2387,kick,power
2388,kid,power
2389,kill,weakness
2390,killer,weakness
2391,killhappiness,sadness
2392,kind,power
2393,kindheart,happiness
2394,kindhearted,happiness
2395,kindli,power
2396,kingmak,power
2397,kiss,weakness
2398,knave,power
2399,knife,weakness
2400,knock,weakness
2401,knowledg,power
2402,kook,power
2403,kooki,power
2404,lachrymo,sadness
2405,lachrymos,sadness
2406,lack,power
2407,lackadais,power
2408,lackey,power
2409,lacklust,power
2410,lacon,power
2411,lade,sadness
2412,lag,weakness
2413,lambast,power
2414,lame,weakness
2415,lameduck,power
2416,lament,power
2417,languid,power
2418,languish,power
2419,languor,power
2420,lanki,weakness
2421,lap,weakness
2422,larg,weakness
2423,lark,power
2424,lascivi,power
2425,lastditch,power
2426,laud,power
2427,laudabl,power
2428,laugh,power
2429,laughabl,power
2430,laughingstock,power
2431,laughter,power
2432,lavish,power
2433,lawabid,power
2434,lawbreak,power
2435,law,weakness
2436,lawless,power
2437,lax,power
2438,lazi,power
2439,lead,weakness
2440,leak,weakness
2441,leakag,weakness
2442,leaki,weakness
2443,lean,weakness
2444,learn,weakness
2445,least,weakness
2446,lech,power
2447,lecher,power
2448,lecheri,power
2449,lectur,weakness
2450,leech,power
2451,leer,power
2452,leeri,power
2453,leftlean,power
2454,legendari,weakness
2455,legitimaci,weakness
2456,legitim,weakness
2457,lenient,weakness
2458,less,weakness
2459,lessdevelop,weakness
2460,lessen,weakness
2461,lesser,weakness
2462,lesserknown,weakness
2463,lessexpens,weakness
2464,letch,power
2465,lethal,weakness
2466,letharg,weakness
2467,lethargi,weakness
2468,leverag,weakness
2469,leviti,power
2470,lewd,power
2471,liabil,power
2472,liabl,weakness
2473,liar,power
2474,liber,weakness
2475,liberti,power
2476,licenti,power
2477,lie,power
2478,lier,power
2479,lifeblood,power
2480,lifeless,weakness
2481,lifelong,weakness
2482,lifethreaten,weakness
2483,lift_up,happiness
2484,light,weakness
2485,lighten,weakness
2486,lightheart,power
2487,lighthearted,happiness
2488,lightsom,happiness
2489,likabl,power
2490,like,power
2491,likeabl,happiness
2492,limit,weakness
2493,limp,power
2494,lionheart,power
2495,listless,power
2496,liter,weakness
2497,litigi,power
2498,littl,power
2499,littleknown,power
2500,live,power
2501,live_up_to,happiness
2502,livid,power
2503,loath,disgust
2504,loathsom,disgust
2505,lofti,power
2506,logic,weakness
2507,lone,power
2508,loneli,power
2509,lonesom,power
2510,long,power
2511,long-fac,sadness
2512,look_for,happiness
2513,look_to,happiness
2514,look_up_to,happiness
2515,loophol,power
2516,loot,power
2517,lorn,power
2518,lose,weakness
2519,loser,weakness
2520,loss,weakness
2521,lousi,power
2522,lovabl,power
2523,love,happiness
2524,loveless,power
2525,loveli,power
2526,lovelorn,power
2527,lover,power
2528,lovesom,happiness
2529,low,weakness
2530,lowcost,weakness
2531,lowerpr,weakness
2532,lowli,power
2533,lowrat,power
2534,lowrisk,weakness
2535,low-spirit,sadness
2536,low-spirited,sadness
2537,loyal,weakness
2538,loyalti,power
2539,lucid,power
2540,luck,power
2541,luckier,power
2542,luckiest,power
2543,luckili,power
2544,lucki,power
2545,lucrat,weakness
2546,ludicr,power
2547,lugubri,power
2548,lukewarm,power
2549,lull,weakness
2550,lumin,weakness
2551,lunat,power
2552,lunatic,power
2553,lurch,power
2554,lure,power
2555,lurid,power
2556,lurk,power
2557,lush,power
2558,lust,power
2559,luster,power
2560,lustrous,power
2561,luxuri,power
2562,lyric,power
2563,macabr,power
2564,mad,power
2565,madden,power
2566,madder,power
2567,madman,power
2568,magic,power
2569,magnanim,power
2570,magnet,weakness
2571,magnific,power
2572,magnifi,weakness
2573,majest,power
2574,majesti,power
2575,maladjust,power
2576,maladi,weakness
2577,malais,weakness
2578,malcont,power
2579,maledict,power
2580,malef,anger
2581,malefic,anger
2582,malevol,power
2583,malic,power
2584,malici,power
2585,malign,anger
2586,malodor,power
2587,maltreat,power
2588,manag,weakness
2589,maneuv,weakness
2590,mangl,power
2591,mania,power
2592,maniac,power
2593,manic,power
2594,manifest,power
2595,manipul,power
2596,man,power
2597,manner,power
2598,mar,power
2599,margin,weakness
2600,martyrdom,power
2601,martyrdomseek,power
2602,marvel,power
2603,massacr,power
2604,master,power
2605,masterpiec,power
2606,masteri,power
2607,matchless,power
2608,matur,weakness
2609,maverick,power
2610,mawkish,power
2611,maxidevalu,power
2612,maxim,power
2613,meager,power
2614,mean,power
2615,meaningless,power
2616,meddl,power
2617,meddlesom,power
2618,mediocr,power
2619,meek,power
2620,melanchol,sadness
2621,melancholi,sadness
2622,mellow,power
2623,melodramat,power
2624,memor,power
2625,memori,power
2626,menac,power
2627,mend,weakness
2628,mendaci,power
2629,mendac,power
2630,menial,weakness
2631,mentor,weakness
2632,merci,power
2633,merciless,fear
2634,mere,power
2635,merit,power
2636,meritori,power
2637,merri,power
2638,merrili,power
2639,merriment,power
2640,mesmer,power
2641,mess,power
2642,messi,weakness
2643,meticul,weakness
2644,midget,power
2645,miff,weakness
2646,might,power
2647,mightili,power
2648,mighti,power
2649,mild,weakness
2650,milit,power
2651,mind,power
2652,mindless,power
2653,minist,weakness
2654,miracl,power
2655,miracul,power
2656,mirag,power
2657,mire,power
2658,mirth,happiness
2659,misanthrop,anger
2660,misanthropi,anger
2661,misapprehend,fear
2662,misbecom,power
2663,misbegotten,power
2664,misbehav,power
2665,misbehavior,power
2666,miscalcul,weakness
2667,mischief,power
2668,mischiev,power
2669,misconcept,power
2670,miscreant,power
2671,misdirect,power
2672,miser,sadness
2673,miseri,sadness
2674,misfit,power
2675,misfortun,power
2676,misgiv,power
2677,misguid,power
2678,mishandl,power
2679,mishap,power
2680,misinform,power
2681,misinterpret,power
2682,misjudg,power
2683,mislead,power
2684,mislik,power
2685,mismanag,power
2686,misocainea,anger
2687,misogami,anger
2688,misogyn,anger
2689,misogyni,anger
2690,misolog,anger
2691,mison,anger
2692,misopedia,anger
2693,misread,power
2694,misrepres,power
2695,misrepresent,power
2696,miss,weakness
2697,misstat,power
2698,mistak,power
2699,mistake,power
2700,mistifi,weakness
2701,mistrust,power
2702,misunderstand,power
2703,misus,power
2704,moan,power
2705,mock,power
2706,mockeri,power
2707,moder,power
2708,modern,weakness
2709,modest,weakness
2710,modesti,weakness
2711,molest,power
2712,mollifi,power
2713,moment,power
2714,monoton,power
2715,monotoni,power
2716,monster,power
2717,monstros,power
2718,monstrous,power
2719,monument,power
2720,moodi,power
2721,moon,weakness
2722,moot,weakness
2723,mope,weakness
2724,moral,power
2725,morbid,power
2726,mordant,power
2727,moribund,power
2728,mortif,power
2729,mortifi,power
2730,motionless,weakness
2731,motiv,power
2732,motley,power
2733,mourn,sadness
2734,mourner,power
2735,move,power
2736,muddl,weakness
2737,muddi,weakness
2738,mudsling,power
2739,mulish,power
2740,multipolar,power
2741,mundan,power
2742,murder,anger
2743,murki,weakness
2744,muscleflex,power
2745,myriad,weakness
2746,mysteri,power
2747,mystifi,weakness
2748,myth,power
2749,nag,power
2750,naiv,power
2751,nark,anger
2752,narrow,power
2753,nastili,power
2754,nasti,power
2755,nation,power
2756,natur,weakness
2757,naughti,power
2758,nausea,disgust
2759,nauseat,disgust
2760,nauseous,disgust
2761,navig,weakness
2762,near,happiness
2763,neat,weakness
2764,nebul,power
2765,necessarili,weakness
2766,necessari,weakness
2767,need,weakness
2768,needle,weakness
2769,needi,weakness
2770,nefari,power
2771,negat,weakness
2772,neglect,power
2773,neglig,weakness
2774,nemesi,power
2775,nervous,power
2776,nettl,anger
2777,nettlesom,power
2778,neurot,power
2779,neutral,weakness
2780,nice,power
2781,nifti,power
2782,niggl,weakness
2783,nigh,happiness
2784,nightmar,power
2785,nightmarish,power
2786,nimbl,power
2787,nix,power
2788,nobl,power
2789,nobli,power
2790,noisom,disgust
2791,noisi,weakness
2792,nonconfid,power
2793,nonexist,weakness
2794,nonplus,surprise
2795,nonsens,power
2796,nonviol,weakness
2797,normal,weakness
2798,nosey,power
2799,notabl,power
2800,noteworthi,power
2801,notic,weakness
2802,notori,power
2803,nourish,weakness
2804,novel,power
2805,nuisanc,power
2806,numb,weakness
2807,nurtur,power
2808,oasi,power
2809,obedi,power
2810,obes,power
2811,obey,power
2812,object,weakness
2813,objection,power
2814,oblig,power
2815,obliqu,weakness
2816,obliter,power
2817,oblivi,power
2818,obnoxi,power
2819,obscen,power
2820,obscur,power
2821,obsess,power
2822,obsolet,weakness
2823,obstacl,power
2824,obstin,power
2825,obstruct,weakness
2826,obtrus,power
2827,obtus,power
2828,obviat,power
2829,obvious,power
2830,occupi,happiness
2831,odd,power
2832,odder,power
2833,oddest,power
2834,odditi,power
2835,odious,disgust
2836,odium,disgust
2837,offbeat,power
2838,offenc,weakness
2839,offend,power
2840,offen,disgust
2841,offens,power
2842,offering_protect,happiness
2843,offici,power
2844,offset,weakness
2845,okay,power
2846,omin,power
2847,omiss,weakness
2848,omit,weakness
2849,oner,power
2850,onesid,power
2851,onslaught,weakness
2852,onward,weakness
2853,open,weakness
2854,opinion,power
2855,oppon,power
2856,opportun,power
2857,opportunist,weakness
2858,oppos,power
2859,opposit,power
2860,oppress,power
2861,oppressor,power
2862,optim,power
2863,optimist,weakness
2864,opul,power
2865,ordeal,power
2866,order,weakness
2867,origin,weakness
2868,orphan,weakness
2869,ostrac,power
2870,outbreak,weakness
2871,outburst,power
2872,outcast,power
2873,outcri,power
2874,outdat,weakness
2875,outdo,power
2876,outgo,weakness
2877,outlaw,power
2878,outmod,weakness
2879,outrag,anger
2880,outshin,power
2881,outsid,weakness
2882,outsmart,power
2883,outstand,power
2884,outstrip,power
2885,outwit,power
2886,ovat,power
2887,overachiev,power
2888,overact,power
2889,overaw,weakness
2890,overbal,weakness
2891,overbalanc,weakness
2892,overbear,power
2893,overblown,power
2894,overcom,power
2895,overdo,power
2896,overdon,power
2897,overdu,power
2898,overemphas,power
2899,overj,anger
2900,overjeal,anger
2901,overhappiness,happiness
2902,overkil,power
2903,overlook,power
2904,overplay,power
2905,overpow,weakness
2906,overreach,weakness
2907,overrun,weakness
2908,overshadow,weakness
2909,oversight,weakness
2910,oversimplif,weakness
2911,oversimplifi,weakness
2912,overs,weakness
2913,overst,power
2914,overstat,power
2915,overtax,weakness
2916,overthrow,weakness
2917,overtur,power
2918,overturn,weakness
2919,overvalu,weakness
2920,overwhelm,power
2921,overwork,power
2922,overzeal,power
2923,pacifist,power
2924,pain,power
2925,painless,weakness
2926,painstak,power
2927,palat,power
2928,palati,power
2929,pale,weakness
2930,pall,fear
2931,palliat,power
2932,paltri,power
2933,pamper,weakness
2934,pan,weakness
2935,pandemonium,power
2936,panic,fear
2937,panic_attack,fear
2938,panick,fear
2939,panicki,power
2940,panic-stricken,fear
2941,panic-struck,fear
2942,paradis,power
2943,paradox,power
2944,paral,weakness
2945,paralyz,weakness
2946,paramount,power
2947,paranoia,power
2948,paranoid,power
2949,parasit,weakness
2950,pardon,power
2951,pariah,power
2952,parodi,power
2953,partial,power
2954,partisan,power
2955,pass,power
2956,passion,power
2957,passiv,power
2958,pathet,power
2959,patienc,power
2960,patient,power
2961,patriot,power
2962,patron,power
2963,pauciti,power
2964,pauper,power
2965,payback,power
2966,peac,weakness
2967,peaceabl,power
2968,peacekeep,weakness
2969,peculiar,power
2970,pedant,power
2971,pedestrian,weakness
2972,peerless,power
2973,peev,power
2974,peevish,power
2975,penal,power
2976,penalti,weakness
2977,penanc,sadness
2978,penchant,happiness
2979,penetr,power
2980,penit,sadness
2981,penitenti,sadness
2982,pep_up,happiness
2983,percept,power
2984,perfect,power
2985,perfidi,power
2986,perfid,power
2987,perfunctori,power
2988,peril,weakness
2989,peripher,weakness
2990,perish,power
2991,perki,happiness
2992,permiss,weakness
2993,pernici,power
2994,perplex,power
2995,persecut,power
2996,persever,power
2997,persist,weakness
2998,personag,weakness
2999,person,power
3000,perspicu,power
3001,persuad,power
3002,persuas,power
3003,pertinaci,power
3004,pertinac,power
3005,pertin,weakness
3006,perturb,power
3007,pervas,power
3008,pervers,power
3009,pervert,power
3010,peski,anger
3011,pessim,power
3012,pessimist,power
3013,pest,power
3014,pester,anger
3015,pestif,anger
3016,pestifer,anger
3017,pestil,power
3018,petrifi,power
3019,pettifog,power
3020,petti,power
3021,phenomen,power
3022,phobia,fear
3023,phobic,fear
3024,phoni,power
3025,pick_up,happiness
3026,picki,power
3027,picturesqu,power
3028,pieti,weakness
3029,pillag,power
3030,pillar,power
3031,pillori,power
3032,pinch,weakness
3033,pine,power
3034,pinnacl,power
3035,pious,power
3036,piqu,weakness
3037,piss,anger
3038,piteous,sadness
3039,pithi,power
3040,piti,sadness
3041,pitiabl,power
3042,pitiless,fear
3043,pittanc,power
3044,placat,power
3045,placid,weakness
3046,plagiar,power
3047,plagu,weakness
3048,plaguey,anger
3049,plaguy,anger
3050,plain,power
3051,plaintiv,sadness
3052,plausibl,power
3053,play,power
3054,playth,power
3055,plea,power
3056,plead,power
3057,pleasant,weakness
3058,pleas,power
3059,pleasur,power
3060,plebeian,power
3061,pledg,power
3062,plenti,power
3063,plight,power
3064,plot,power
3065,plotter,power
3066,ploy,power
3067,plunder,power
3068,plush,power
3069,poetic,power
3070,poignant,power
3071,pointless,weakness
3072,pois,power
3073,poison,weakness
3074,polaris,power
3075,polem,power
3076,polish,weakness
3077,polit,weakness
3078,pollut,power
3079,polut,weakness
3080,pompous,power
3081,poor,power
3082,popular,weakness
3083,portabl,weakness
3084,posh,power
3085,posit,power
3086,poster,weakness
3087,postur,power
3088,potent,power
3089,potenti,weakness
3090,pout,power
3091,poverti,power
3092,power,power
3093,powerless,weakness
3094,practic,weakness
3095,pragmat,power
3096,prais,power
3097,praiseworthili,happiness
3098,praiseworthi,power
3099,prate,power
3100,pratfal,power
3101,prattl,power
3102,preach,power
3103,precari,weakness
3104,precaut,power
3105,preced,weakness
3106,precious,power
3107,precipit,power
3108,precis,weakness
3109,predatori,weakness
3110,predica,power
3111,predilect,happiness
3112,preemin,weakness
3113,preemptiv,weakness
3114,preen,happiness
3115,prefer,power
3116,prehensil,anger
3117,prejudg,power
3118,prejudic,power
3119,prejudici,power
3120,premedit,power
3121,premier,weakness
3122,premium,weakness
3123,premonit,fear
3124,preoccupi,weakness
3125,prepar,weakness
3126,preponder,power
3127,preposter,power
3128,presag,fear
3129,presenti,fear
3130,press,power
3131,prestig,power
3132,prestigi,weakness
3133,presum,power
3134,presumptu,power
3135,pretenc,power
3136,pretend,power
3137,pretens,power
3138,pretenti,power
3139,prettili,power
3140,pretti,power
3141,prevar,power
3142,priceless,power
3143,pricey,weakness
3144,prickl,power
3145,pride,power
3146,primit,weakness
3147,principl,weakness
3148,prison,weakness
3149,privileg,power
3150,prize,power
3151,pro,weakness
3152,proactiv,power
3153,proamerican,power
3154,probeij,power
3155,problem,weakness
3156,problemat,power
3157,procrastin,power
3158,procuba,power
3159,prodigi,power
3160,product,weakness
3161,profan,power
3162,profess,power
3163,profici,power
3164,profit,weakness
3165,profound,power
3166,profus,power
3167,progress,weakness
3168,prohibit,weakness
3169,prolif,weakness
3170,promin,weakness
3171,promis,power
3172,promot,power
3173,prompt,weakness
3174,propaganda,power
3175,propagand,power
3176,propeac,power
3177,proper,weakness
3178,propiti,power
3179,proscript,power
3180,prosecut,power
3181,prospect,weakness
3182,prosper,weakness
3183,protect,happiness
3184,protector,power
3185,protest,weakness
3186,protract,weakness
3187,proud,happiness
3188,provid,power
3189,provoc,power
3190,provok,anger
3191,prowess,power
3192,prudenc,weakness
3193,prudent,power
3194,pri,weakness
3195,pugnaci,power
3196,pugnac,power
3197,punch,power
3198,punctual,power
3199,pundit,power
3200,punish,weakness
3201,punit,weakness
3202,puni,power
3203,puppet,power
3204,puppy_lov,happiness
3205,pure,weakness
3206,purif,weakness
3207,purifi,weakness
3208,puriti,weakness
3209,purpos,power
3210,puzzl,power
3211,puzzlement,power
3212,quack,power
3213,quaint,power
3214,qualifi,weakness
3215,qualm,power
3216,quandari,power
3217,quarrel,power
3218,quarrelsom,power
3219,quash,power
3220,quasial,power
3221,queasi,disgust
3222,queer,weakness
3223,quench,weakness
3224,question,power
3225,quibbl,power
3226,quick_temp,anger
3227,quicken,power
3228,quit,weakness
3229,quitter,power
3230,racism,weakness
3231,racist,power
3232,rack,power
3233,radianc,power
3234,radiant,power
3235,radic,power
3236,rag,power
3237,rage,anger
3238,rail,power
3239,ralli,power
3240,rampag,power
3241,rampant,power
3242,ramshackl,power
3243,rancor,power
3244,rancour,anger
3245,rank,power
3246,rankl,power
3247,rant,power
3248,rapport,power
3249,rapproch,weakness
3250,rapt,power
3251,raptur,power
3252,rascal,power
3253,rash,power
3254,rat,weakness
3255,ration,power
3256,rattl,surprise
3257,ravag,power
3258,rave,power
3259,reactionari,power
3260,readili,weakness
3261,readi,weakness
3262,reaffirm,weakness
3263,real,weakness
3264,realist,power
3265,reason,weakness
3266,reassur,power
3267,rebelli,power
3268,rebuff,power
3269,rebuk,power
3270,recalcitr,power
3271,recant,power
3272,recept,power
3273,recess,weakness
3274,recessionari,weakness
3275,reckless,power
3276,reclaim,weakness
3277,recognit,weakness
3278,recoil,power
3279,recommend,power
3280,recompens,weakness
3281,reconcil,weakness
3282,reconcili,weakness
3283,reconquest,power
3284,recordset,weakness
3285,recours,weakness
3286,recov,weakness
3287,recreat,happiness
3288,rectif,power
3289,rectifi,power
3290,redeem,power
3291,redempt,power
3292,redund,weakness
3293,reestablish,weakness
3294,refin,weakness
3295,reform,weakness
3296,refresh,power
3297,refug,power
3298,refus,power
3299,refut,power
3300,regal,power
3301,regard,power
3302,regress,weakness
3303,regret,sadness
3304,regrett,sadness
3305,rehabilit,weakness
3306,reinforc,weakness
3307,reject,power
3308,rejoic,power
3309,relaps,weakness
3310,relax,weakness
3311,relent,power
3312,relentless,power
3313,relev,weakness
3314,reliabl,weakness
3315,relief,power
3316,reliev,weakness
3317,relish,power
3318,reluct,weakness
3319,remark,power
3320,remedi,weakness
3321,reminisc,power
3322,remor,sadness
3323,remors,power
3324,remorseless,power
3325,remuner,power
3326,renaiss,power
3327,renew,weakness
3328,renounc,power
3329,renov,weakness
3330,renown,power
3331,renunci,power
3332,repair,weakness
3333,repar,weakness
3334,repay,power
3335,repel,disgust
3336,repent,sadness
3337,repetit,weakness
3338,reprehens,power
3339,repress,weakness
3340,reprimand,power
3341,reproach,power
3342,reprov,power
3343,repudi,power
3344,repugn,disgust
3345,repul,disgust
3346,repuls,disgust
3347,reput,weakness
3348,rescu,weakness
3349,resent,anger
3350,reserv,weakness
3351,resign,weakness
3352,resili,weakness
3353,resist,weakness
3354,resolut,weakness
3355,resolv,weakness
3356,resound,power
3357,resourc,power
3358,respect,power
3359,respit,power
3360,resplend,power
3361,respons,weakness
3362,rest,weakness
3363,restless,weakness
3364,restor,weakness
3365,restraint,weakness
3366,restrict,weakness
3367,resurg,weakness
3368,retali,weakness
3369,retaliatori,weakness
3370,retard,weakness
3371,retic,power
3372,retir,weakness
3373,retract,weakness
3374,retreat,weakness
3375,reunit,weakness
3376,revel,weakness
3377,reveng,power
3378,rever,power
3379,revert,weakness
3380,revil,power
3381,revit,weakness
3382,reviv,weakness
3383,revok,weakness
3384,revolt,power
3385,revolut,weakness
3386,revul,disgust
3387,revuls,disgust
3388,reward,power
3389,rhapsod,weakness
3390,rhetor,power
3391,rich,power
3392,rid,power
3393,ridicul,power
3394,rife,power
3395,rift,power
3396,right,weakness
3397,righten,power
3398,righteous,power
3399,rigid,weakness
3400,rigor,weakness
3401,rile,power
3402,riotous,happiness
3403,ripe,weakness
3404,risk,weakness
3405,riskfre,weakness
3406,riski,weakness
3407,rival,weakness
3408,rivalri,weakness
3409,roadblock,power
3410,robust,weakness
3411,rocki,weakness
3412,rogu,power
3413,roil,anger
3414,rollercoast,power
3415,romant,power
3416,romantic,power
3417,rosi,power
3418,rot,weakness
3419,rotten,power
3420,rough,weakness
3421,rous,power
3422,rubbish,power
3423,rude,power
3424,rue,power
3425,rueful,sadness
3426,ruefulli,sadness
3427,ruffian,power
3428,ruffl,weakness
3429,ruin,weakness
3430,ruinous,weakness
3431,rumbl,power
3432,rumor,power
3433,rumour,power
3434,rumpl,power
3435,runaway,power
3436,rundown,power
3437,ruptur,weakness
3438,rush,happiness
3439,rusti,power
3440,ruth,sadness
3441,ruthless,power
3442,sabotag,power
3443,sacr,power
3444,sacrific,power
3445,sad,sadness
3446,sadden,sadness
3447,safe,weakness
3448,safeguard,power
3449,sag,weakness
3450,sagac,power
3451,sage,power
3452,saint,power
3453,saintli,power
3454,salabl,weakness
3455,salaci,power
3456,saliv,weakness
3457,salutari,power
3458,salut,power
3459,salvat,power
3460,sanctifi,power
3461,sanctimoni,power
3462,sanction,power
3463,sanctiti,power
3464,sanctuari,power
3465,sane,power
3466,sanguin,power
3467,saniti,power
3468,sap,power
3469,sarcasm,power
3470,sarcast,power
3471,sardon,power
3472,sass,power
3473,satiabl,happiness
3474,satir,power
3475,satisfact,power
3476,satisfactori,power
3477,satisfactorili,power
3478,satisfi,happiness
3479,savag,power
3480,savageri,power
3481,savor,weakness
3482,savvi,power
3483,scandal,power
3484,scant,weakness
3485,scapegoat,power
3486,scar,power
3487,scarc,power
3488,scarciti,weakness
3489,scare,power
3490,scare_away,fear
3491,scare_off,fear
3492,scarey,fear
3493,scari,power
3494,scarier,power
3495,scariest,power
3496,scarili,power
3497,scath,power
3498,scene,anger
3499,scenic,weakness
3500,schadenfreud,happiness
3501,scheme,power
3502,scoff,power
3503,scof,power
3504,scold,power
3505,scorch,power
3506,score,anger
3507,scorn,power
3508,scoundrel,power
3509,scourg,power
3510,scowl,power
3511,scream,happiness
3512,screech,power
3513,screw,weakness
3514,scrupl,power
3515,scrupul,power
3516,scum,power
3517,scummi,power
3518,seamless,power
3519,season,weakness
3520,secondclass,power
3521,secondti,weakness
3522,secret,weakness
3523,secur,weakness
3524,sedentari,weakness
3525,seduct,power
3526,see_r,anger
3527,seedi,power
3528,seeth,power
3529,select,weakness
3530,self-complac,happiness
3531,selfcoup,power
3532,selfcritic,power
3533,selfdef,weakness
3534,selfdestruct,power
3535,selfdetermin,power
3536,self-distrust,fear
3537,self-doubt,fear
3538,selfhumili,power
3539,selfinterest,power
3540,selfish,power
3541,self-piti,sadness
3542,self-reproach,sadness
3543,selfrespect,power
3544,self-satisfact,happiness
3545,selfsatisfact,power
3546,self-satisfi,happiness
3547,selfserv,power
3548,selfsuffici,weakness
3549,semblanc,weakness
3550,senil,power
3551,sensat,power
3552,sensation,power
3553,sensate,power
3554,sens,weakness
3555,senseless,power
3556,sensibl,power
3557,sensit,power
3558,sentiment,power
3559,seren,power
3560,serious,power
3561,sermon,power
3562,servitud,power
3563,settl,weakness
3564,setup,power
3565,sever,power
3566,sexi,power
3567,shabbi,power
3568,shadow,power
3569,shadowi,weakness
3570,shadi,power
3571,shake,weakness
3572,shaki,weakness
3573,shallow,weakness
3574,sham,power
3575,shambl,power
3576,shame,power
3577,shamefac,sadness
3578,shameless,power
3579,shark,power
3580,sharp,weakness
3581,sharpli,weakness
3582,shatter,power
3583,sheer,power
3584,shelter,weakness
3585,shi,power
3586,shield,weakness
3587,shimmer,power
3588,shine,weakness
3589,shini,power
3590,shipwreck,weakness
3591,shirk,power
3592,shirker,power
3593,shiver,power
3594,shiveri,fear
3595,shock,surprise
3596,shoddi,power
3597,short_temp,anger
3598,shortag,weakness
3599,shortchang,power
3600,shortcom,power
3601,shortliv,weakness
3602,shortsight,power
3603,shortsighted,power
3604,showdown,weakness
3605,shred,weakness
3606,shrew,power
3607,shrewd,power
3608,shriek,power
3609,shrill,power
3610,shrilli,power
3611,shrivel,power
3612,shroud,power
3613,shrug,weakness
3614,shudderi,fear
3615,shun,power
3616,shyli,power
3617,shyness,power
3618,sick,weakness
3619,sick_of,disgust
3620,sicken,power
3621,sickish,disgust
3622,sidetrack,power
3623,sieg,weakness
3624,signific,weakness
3625,signifi,weakness
3626,sillili,power
3627,silli,power
3628,simmer,power
3629,simpl,weakness
3630,simplic,power
3631,simplifi,weakness
3632,simplist,power
3633,sin,power
3634,sincer,weakness
3635,sinist,power
3636,sink,weakness
3637,skeleton,power
3638,skeptic,power
3639,sketchi,weakness
3640,skill,power
3641,skimpi,weakness
3642,skittish,power
3643,skulk,power
3644,slack,weakness
3645,slander,power
3646,slap,power
3647,slash,power
3648,slaughter,weakness
3649,slave,power
3650,sleazi,power
3651,sleek,weakness
3652,slender,weakness
3653,slight,weakness
3654,slim,weakness
3655,slime,power
3656,sloppili,power
3657,sloppi,power
3658,sloth,power
3659,slow,weakness
3660,slowli,weakness
3661,slowmov,weakness
3662,slug,weakness
3663,sluggish,weakness
3664,slump,weakness
3665,slur,power
3666,sli,power
3667,smack,power
3668,smart,power
3669,smarter,power
3670,smartest,power
3671,smash,weakness
3672,smear,weakness
3673,smell,weakness
3674,smile,power
3675,smite,power
3676,smokescreen,power
3677,smolder,power
3678,smooth,weakness
3679,smother,power
3680,smoulder,power
3681,smug,happiness
3682,smut,power
3683,smuttier,power
3684,smuttiest,power
3685,smutti,power
3686,snare,weakness
3687,snarl,weakness
3688,snatch,weakness
3689,sneak,weakness
3690,sneakili,weakness
3691,sneaki,weakness
3692,sneer,power
3693,snub,power
3694,sob,power
3695,sober,power
3696,socal,power
3697,sociabl,power
3698,soft_spot,happiness
3699,soft-boil,happiness
3700,soften,power
3701,softheart,happiness
3702,softhearted,happiness
3703,softspoken,weakness
3704,solac,power
3705,solemn,weakness
3706,solicit,power
3707,solicitud,power
3708,solid,weakness
3709,solidar,power
3710,somber,sadness
3711,sooth,power
3712,sophist,power
3713,sore,weakness
3714,sorri,power
3715,sorrow,sadness
3716,sorry_for,power
3717,sound,weakness
3718,sour,weakness
3719,spacious,weakness
3720,spade,power
3721,spank,power
3722,spare,weakness
3723,sparkl,weakness
3724,special,weakness
3725,spectacular,power
3726,speedi,weakness
3727,spellbind,power
3728,spill,power
3729,spinster,weakness
3730,spirit,weakness
3731,spiritless,power
3732,spiritu,power
3733,spite,power
3734,spleen,anger
3735,splendid,power
3736,splendor,power
3737,split,weakness
3738,spoil,power
3739,spook,power
3740,spookier,power
3741,spookiest,power
3742,spookili,power
3743,spooki,power
3744,spoonf,power
3745,spoonfe,power
3746,sporad,weakness
3747,spot,weakness
3748,spotless,power
3749,spotti,weakness
3750,spright,power
3751,spur,power
3752,spurious,power
3753,spurn,power
3754,sputter,power
3755,squabbl,power
3756,squander,power
3757,squar,power
3758,squash,power
3759,squirm,power
3760,stab,weakness
3761,stabil,weakness
3762,stabl,weakness
3763,stage_fright,fear
3764,stagger,power
3765,stagnant,weakness
3766,stagnat,power
3767,staid,power
3768,stain,weakness
3769,stainless,weakness
3770,stake,weakness
3771,stale,power
3772,stalem,power
3773,stammer,power
3774,stamp,weakness
3775,stand,weakness
3776,standstil,power
3777,star,power
3778,stark,power
3779,startl,surprise
3780,starvat,weakness
3781,starv,weakness
3782,state,power
3783,static,weakness
3784,statuesqu,power
3785,staunch,power
3786,steadfast,power
3787,steadi,weakness
3788,steal,weakness
3789,steep,weakness
3790,steepli,weakness
3791,stellar,power
3792,stench,power
3793,stereotyp,power
3794,stern,power
3795,stew,power
3796,sticki,weakness
3797,stiff,weakness
3798,stifl,power
3799,stigma,power
3800,stigmat,power
3801,stimul,weakness
3802,sting,anger
3803,stink,power
3804,stir,power
3805,stodgi,power
3806,stoog,power
3807,storm,weakness
3808,stormi,weakness
3809,straggl,weakness
3810,straggler,weakness
3811,straight,weakness
3812,straightforward,power
3813,strain,weakness
3814,strang,power
3815,stranger,fear
3816,strangest,power
3817,strangl,weakness
3818,streamlin,weakness
3819,strenuous,weakness
3820,stress,power
3821,stricken,power
3822,strict,power
3823,stride,weakness
3824,strident,power
3825,strife,power
3826,strike,weakness
3827,stringent,weakness
3828,strive,power
3829,strong,weakness
3830,struggl,power
3831,strut,power
3832,stubborn,power
3833,studious,power
3834,stuffi,power
3835,stumbl,weakness
3836,stump,weakness
3837,stun,surprise
3838,stunt,power
3839,stupefact,surprise
3840,stupefi,surprise
3841,stupend,power
3842,stupid,power
3843,stupifi,power
3844,stupor,power
3845,sturdi,weakness
3846,sti,power
3847,stylish,power
3848,suav,power
3849,subdu,weakness
3850,subject,weakness
3851,subjug,power
3852,sublim,power
3853,submiss,weakness
3854,subordin,weakness
3855,subscrib,weakness
3856,subservi,power
3857,subsid,weakness
3858,substandard,weakness
3859,substanti,weakness
3860,substant,weakness
3861,subtl,weakness
3862,subtract,weakness
3863,subvers,weakness
3864,subvert,weakness
3865,succeed,weakness
3866,success,weakness
3867,succumb,power
3868,sucker,power
3869,suffer,power
3870,suffic,weakness
3871,suffici,weakness
3872,suffoc,power
3873,sugarcoat,power
3874,sugarco,power
3875,suggest,weakness
3876,suicid,weakness
3877,suit,weakness
3878,suitabl,weakness
3879,sulk,power
3880,sulki,anger
3881,sullen,power
3882,sulli,power
3883,sumptuous,power
3884,sunder,power
3885,sunni,weakness
3886,super,power
3887,superb,power
3888,superbl,power
3889,superfici,power
3890,superflu,power
3891,superior,power
3892,superl,power
3893,superstit,power
3894,superstiti,power
3895,support,power
3896,suppos,weakness
3897,suppress,weakness
3898,supremaci,power
3899,suprem,power
3900,supurb,power
3901,supurbl,power
3902,sure,power
3903,surg,power
3904,surmis,power
3905,surmount,power
3906,surpass,power
3907,surpri,surprise
3908,surpris,surprise
3909,surrend,weakness
3910,surviv,weakness
3911,survivor,weakness
3912,suscept,weakness
3913,suspect,weakness
3914,suspen,happiness
3915,suspens,happiness
3916,suspicion,power
3917,suspici,power
3918,sustain,weakness
3919,swagger,power
3920,swamp,power
3921,swear,power
3922,sweep,power
3923,sweet,weakness
3924,sweeten,weakness
3925,sweetheart,happiness
3926,swift,weakness
3927,swindl,power
3928,swipe,power
3929,swoon,weakness
3930,sympathet,power
3931,sympathi,power
3932,sympath,power
3933,symptom,weakness
3934,syndrom,weakness
3935,taboo,power
3936,tact,power
3937,taint,power
3938,talent,power
3939,tamper,weakness
3940,tangl,weakness
3941,tantal,power
3942,tantrum,power
3943,tardi,weakness
3944,tarnish,weakness
3945,tast,weakness
3946,tatter,power
3947,taunt,power
3948,tawdri,power
3949,tax,weakness
3950,tear,sadness
3951,tea,happiness
3952,teas,power
3953,tedious,power
3954,temer,power
3955,temper,weakness
3956,tempest,weakness
3957,tempt,power
3958,temptat,power
3959,tenaci,power
3960,tenac,power
3961,tender,weakness
3962,tens,weakness
3963,tension,weakness
3964,tentat,weakness
3965,tenuous,weakness
3966,tepid,weakness
3967,terribl,weakness
3968,terrif,power
3969,terrifi,fear
3970,terror,fear
3971,terrorgen,power
3972,thank,power
3973,thankless,power
3974,the_green-eyed_monst,anger
3975,thinkabl,power
3976,thirst,power
3977,thirstili,happiness
3978,thorni,power
3979,thorough,weakness
3980,think,power
3981,thoughtless,power
3982,thrash,weakness
3983,threat,weakness
3984,threaten,weakness
3985,thrift,weakness
3986,thrifti,weakness
3987,thrill,power
3988,thrive,weakness
3989,throttl,power
3990,throw,weakness
3991,thumb,weakness
3992,thunderstruck,surprise
3993,thwart,power
3994,tickl,weakness
3995,tidi,power
3996,timehonor,power
3997,time,weakness
3998,timid,power
3999,timor,fear
4000,tingl,power
4001,tini,weakness
4002,tire,power
4003,tired_of,disgust
4004,tiresom,power
4005,titil,happiness
4006,toast,power
4007,togeth,power
4008,toil,power
4009,toler,weakness
4010,toll,weakness
4011,too,weakness
4012,top,surprise
4013,toppl,weakness
4014,torment,power
4015,torrent,power
4016,torrid,power
4017,tortuous,power
4018,tortur,power
4019,totalitarian,weakness
4020,touchi,power
4021,tough,power
4022,toxic,weakness
4023,tradit,weakness
4024,traduc,power
4025,tragedi,weakness
4026,tragic,power
4027,traitor,power
4028,tramp,power
4029,trampl,power
4030,tranc,happiness
4031,tranquil,power
4032,transgress,weakness
4033,trauma,power
4034,traumat,power
4035,travesti,power
4036,treacher,weakness
4037,treacheri,power
4038,treason,power
4039,treasur,power
4040,treat,weakness
4041,tremend,power
4042,trendi,power
4043,trepid,fear
4044,trial,weakness
4045,tribut,power
4046,trick,power
4047,trickeri,power
4048,tricki,power
4049,trim,weakness
4050,triumph,power
4051,triumphal,power
4052,triumphant,power
4053,trivial,power
4054,troubl,power
4055,troublemak,power
4056,troublesom,power
4057,trounc,surprise
4058,truant,weakness
4059,trucul,power
4060,truli,power
4061,trump,power
4062,trumpet,power
4063,trust,power
4064,trustworthi,power
4065,truth,power
4066,tri,weakness
4067,tumultu,weakness
4068,turbul,weakness
4069,turmoil,power
4070,turn_off,disgust
4071,twink,power
4072,twist,weakness
4073,tyrann,sadness
4074,tyranni,power
4075,tyrant,power
4076,ugh,power
4077,ug,fear
4078,ugli,power
4079,ulterior,power
4080,ultim,power
4081,ultimatum,power
4082,ultra,power
4083,ultrahardlin,power
4084,umbrag,anger
4085,unabash,power
4086,unabl,weakness
4087,unaccept,power
4088,unaccustom,weakness
4089,unanim,power
4090,unassail,power
4091,unassert,fear
4092,unattract,power
4093,unauthent,weakness
4094,unavail,weakness
4095,unavoid,weakness
4096,unbear,power
4097,unbeliev,power
4098,unbias,weakness
4099,unbosom,power
4100,unbind,weakness
4101,unbroken,weakness
4102,uncertain,weakness
4103,uncheer,sadness
4104,uncivil,power
4105,unclean,power
4106,unclear,weakness
4107,uncollect,weakness
4108,uncomfort,weakness
4109,uncommon,power
4110,uncompetit,weakness
4111,uncompromis,power
4112,unconcern,power
4113,uncondit,weakness
4114,unconfirm,weakness
4115,unconstitut,weakness
4116,uncontrol,weakness
4117,unconvent,weakness
4118,unconvinc,power
4119,uncouth,power
4120,undaunt,power
4121,undecid,weakness
4122,undefin,weakness
4123,undepend,power
4124,underdog,power
4125,underestim,power
4126,underl,power
4127,undermin,power
4128,underpay,weakness
4129,understand,power
4130,underst,power
4131,undesir,power
4132,undetermin,weakness
4133,undo,weakness
4134,undignifi,power
4135,undisput,weakness
4136,undocu,weakness
4137,undon,weakness
4138,undoubt,power
4139,undu,power
4140,uneas,fear
4141,uneasili,power
4142,uneasi,power
4143,uneconom,weakness
4144,unencumb,weakness
4145,unequ,power
4146,unequivoc,power
4147,uneth,power
4148,uneven,weakness
4149,unev,weakness
4150,unexpect,power
4151,unexplain,weakness
4152,unfair,power
4153,unfaith,power
4154,unfamiliar,weakness
4155,unfavor,power
4156,unfaz,power
4157,unfeel,power
4158,unfett,power
4159,unfinish,weakness
4160,unfit,power
4161,unforeseen,weakness
4162,unforgett,power
4163,unfortun,power
4164,unfound,power
4165,unfriend,power
4166,unfulfil,weakness
4167,unfund,weakness
4168,ungovern,power
4169,ungrat,power
4170,unhappi,sadness
4171,unhappili,sadness
4172,unhealthi,weakness
4173,uniform,weakness
4174,unilater,power
4175,unimagin,power
4176,unimport,power
4177,uninform,weakness
4178,uninsur,weakness
4179,unipolar,power
4180,uniqu,weakness
4181,uniti,weakness
4182,univers,weakness
4183,unjust,power
4184,unjustifi,weakness
4185,unkind,power
4186,unlament,power
4187,unlaw,weakness
4188,unleash,power
4189,unlicens,weakness
4190,unlik,weakness
4191,unlimit,weakness
4192,unlucki,power
4193,unmov,weakness
4194,unnatur,power
4195,unnecessari,weakness
4196,unneed,weakness
4197,unnerv,power
4198,unnot,weakness
4199,unobserv,weakness
4200,unorthodox,power
4201,unorthodoxi,power
4202,unparallel,power
4203,unpleas,power
4204,unpleasantri,power
4205,unpopular,power
4206,unpreced,power
4207,unpredict,weakness
4208,unprepar,weakness
4209,unpretenti,power
4210,unproduct,weakness
4211,unprofit,weakness
4212,unqualifi,power
4213,unquestion,power
4214,unravel,weakness
4215,unrealist,power
4216,unreason,power
4217,unrel,power
4218,unreli,power
4219,unresolv,weakness
4220,unrest,power
4221,unrestrict,weakness
4222,unruli,power
4223,unsaf,weakness
4224,unsatisfactori,weakness
4225,unsavori,power
4226,unscath,weakness
4227,unscrupul,power
4228,unseem,power
4229,unselfish,power
4230,unsettl,power
4231,unskil,weakness
4232,unsophist,power
4233,unsound,power
4234,unspeak,power
4235,unspecifi,weakness
4236,unstabl,weakness
4237,unsteadili,weakness
4238,unsteadi,weakness
4239,unsuccess,weakness
4240,unsupport,weakness
4241,unsur,weakness
4242,unsuspect,power
4243,unsustain,weakness
4244,unten,power
4245,untest,weakness
4246,unthink,power
4247,untim,power
4248,untouch,weakness
4249,untrain,weakness
4250,untru,power
4251,untrustworthi,power
4252,untruth,power
4253,unusu,power
4254,unwant,power
4255,unwarr,power
4256,unwelcom,power
4257,unwieldi,power
4258,unwil,power
4259,unwilling,power
4260,unwis,power
4261,unwork,power
4262,unworri,happiness
4263,unworthi,power
4264,unyield,power
4265,upbeat,power
4266,upbraid,power
4267,upfront,weakness
4268,upgrad,weakness
4269,upheav,power
4270,uphold,power
4271,uplift,power
4272,upright,weakness
4273,upris,weakness
4274,uproar,power
4275,uproari,power
4276,uproot,weakness
4277,upscal,weakness
4278,upset,power
4279,upsid,power
4280,upward,weakness
4281,urg,power
4282,urge_on,happiness
4283,urgenc,power
4284,urgent,weakness
4285,usabl,weakness
4286,use,weakness
4287,useless,weakness
4288,usurp,power
4289,utilitarian,weakness
4290,utmost,power
4291,utter,power
4292,uttermost,power
4293,vagrant,power
4294,vagu,weakness
4295,vain,power
4296,valiant,power
4297,valid,weakness
4298,valor,power
4299,valuabl,power
4300,valu,weakness
4301,vanish,weakness
4302,vaniti,weakness
4303,vanquish,power
4304,vast,weakness
4305,vehement,power
4306,vener,weakness
4307,veng,power
4308,vengeanc,power
4309,venom,power
4310,vent,power
4311,verifi,weakness
4312,verit,power
4313,versatil,weakness
4314,vestig,power
4315,veto,power
4316,vex,power
4317,vexat,power
4318,vexati,anger
4319,viabil,weakness
4320,viabl,weakness
4321,vibrant,power
4322,vice,power
4323,vicious,power
4324,victim,power
4325,victori,weakness
4326,vie,power
4327,vigil,weakness
4328,vigor,weakness
4329,vile,power
4330,vilifi,power
4331,villain,power
4332,villian,power
4333,villifi,power
4334,vindic,power
4335,vindict,power
4336,vintag,weakness
4337,violat,power
4338,violent,weakness
4339,viper,weakness
4340,virtu,power
4341,virtuous,power
4342,virul,power
4343,virus,power
4344,visionari,power
4345,vital,power
4346,vivaci,power
4347,vivid,power
4348,vocal,weakness
4349,vocifer,power
4350,void,weakness
4351,volatil,weakness
4352,voluntarili,weakness
4353,voluntari,weakness
4354,vomit,weakness
4355,vouch,power
4356,vouchsaf,power
4357,vow,power
4358,vulgar,power
4359,vulner,weakness
4360,wail,power
4361,walk_on_air,happiness
4362,wallow,weakness
4363,wane,power
4364,want,power
4365,wanton,power
4366,war,weakness
4367,warfar,weakness
4368,warili,power
4369,wari,power
4370,warlik,power
4371,warm,power
4372,warmheart,happiness
4373,warmhearted,happiness
4374,warmth,weakness
4375,warn,weakness
4376,warp,weakness
4377,warpath,anger
4378,wast,weakness
4379,watchdog,power
4380,wayward,power
4381,weak,weakness
4382,weaken,weakness
4383,wealthi,weakness
4384,weari,weakness
4385,wearisom,power
4386,wedg,weakness
4387,wee,power
4388,weed,weakness
4389,weep,sadness
4390,weepi,sadness
4391,weight,sadness
4392,weird,power
4393,welcom,weakness
4394,welfar,weakness
4395,well,weakness
4396,wellb,power
4397,wellconnect,power
4398,welleduc,weakness
4399,wellestablish,weakness
4400,wellinform,power
4401,wellintent,power
4402,wellmanag,power
4403,wellposit,weakness
4404,wellpublic,weakness
4405,wellreceiv,power
4406,wellregard,power
4407,wellrun,power
4408,wellwish,power
4409,weltschmerz,sadness
4410,whatev,weakness
4411,wheedl,power
4412,whimper,power
4413,whimsic,power
4414,whine,power
4415,whip,power
4416,white,weakness
4417,wholeheart,power
4418,wholesom,power
4419,wick,power
4420,wicked,power
4421,wide,weakness
4422,wideopen,weakness
4423,widerang,weakness
4424,widespread,weakness
4425,wild,weakness
4426,wile,power
4427,will,power
4428,wilt,power
4429,wili,power
4430,winc,power
4431,wink,power
4432,winnabl,power
4433,winner,power
4434,wisdom,power
4435,wise,power
4436,wish,power
4437,with_empathi,happiness
4438,with_happi,happiness
4439,with_hostil,anger
4440,with_prid,happiness
4441,with_sympathi,happiness
4442,withhold,weakness
4443,witti,power
4444,woe,sadness
4445,woebegon,power
4446,woeful,sadness
4447,woefulli,sadness
4448,wonder,surprise
4449,wondrous,surprise
4450,woo,power
4451,workabl,power
4452,worldfam,power
4453,world-weari,sadness
4454,wear,weakness
4455,worri,power
4456,worrier,power
4457,worrisom,power
4458,wors,power
4459,worsen,power
4460,worship,happiness
4461,worst,power
4462,worth,power
4463,worthi,power
4464,worthless,power
4465,worthwhil,power
4466,wind,weakness
4467,wow,power
4468,wrangl,power
4469,wrath,anger
4470,wreck,weakness
4471,wrest,power
4472,wrestl,weakness
4473,wretch,power
4474,wretched,power
4475,writh,weakness
4476,wrong,power
4477,wroth,anger
4478,work,power
4479,wri,power
4480,yawn,power
4481,yearn,power
4482,yelp,power
4483,yep,power
4484,yes,power
4485,youth,weakness
4486,yucki,disgust
4487,zeal,power
4488,zealot,power
4489,zealous,power
4490,zenith,power
4491,zest,happiness
4492,joy,happiness
4493,joyful,happiness
4494,control,power
4495,influenc,power
4496,leadership,power
4497,sovereignti,power
4498,command,power
4499,frailti,weakness
4500,affraid,fear
